period,ba,baAbb,value
2024-04-12T22,Imperial Irrigation District,IID,447
2024-04-12T22,Tampa Electric Company,TEC,2634
2024-04-12T22,Western Area Power Administration - Rocky Mountain Region,WACM,3501
2024-04-12T22,Louisville Gas and Electric Company and Kentucky Utilities Company,LGEE,0
2024-04-12T22,Florida Power & Light Co.,FPL,18531
2024-04-12T22,South Carolina Public Service Authority,SC,2465
2024-04-12T22,Tennessee Valley Authority,TVA,15923
2024-04-12T22,Seminole Electric Cooperative,SEC,276
2024-04-12T22,Portland General Electric Company,PGE,2278
2024-04-12T22,"PJM Interconnection, LLC",PJM,82603
2024-04-12T22,Public Utility District No. 1 of Chelan County,CHPD,163
2024-04-12T22,Bonneville Power Administration,BPAT,6485
2024-04-12T22,Tucson Electric Power,TEPC,1268
2024-04-12T22,"Southern Company Services, Inc. - Trans",SOCO,22917
2024-04-12T22,"Associated Electric Cooperative, Inc.",AECI,1776
2024-04-12T22,New York Independent System Operator,NYIS,16055
2024-04-12T22,JEA,JEA,
2024-04-12T22,City of Homestead,HST,95
2024-04-12T22,"Midcontinent Independent System Operator, Inc.",MISO,66568
2024-04-12T22,Nevada Power Company,NEVP,3864
2024-04-12T22,"Electric Reliability Council of Texas, Inc.",ERCO,50653
2024-04-12T22,NorthWestern Corporation,NWMT,1253
2024-04-12T22,ISO New England,ISNE,12784
2024-04-12T22,Los Angeles Department of Water and Power,LDWP,102
2024-04-12T22,Salt River Project Agricultural Improvement and Power District,SRP,3891
2024-04-12T22,Southwestern Power Administration,SPA,-314
2024-04-12T22,Western Area Power Administration - Desert Southwest Region,WALC,1141
2024-04-12T22,Gainesville Regional Utilities,GVL,243
2024-04-12T22,City of Tallahassee,TAL,316
2024-04-12T22,Southwest Power Pool,SWPP,29644
2024-04-12T22,Balancing Authority of Northern California,BANC,1809
2024-04-12T22,Avista Corporation,AVA,1364
2024-04-12T22,"Dominion Energy South Carolina, Inc.",SCEG,2354
2024-04-12T22,"City of Tacoma, Department of Public Utilities, Light Division",TPWR,508
2024-04-12T22,Arizona Public Service Company,AZPS,2878
2024-04-12T22,Seattle City Light,SCL,948
2024-04-12T22,Public Service Company of New Mexico,PNM,1451
2024-04-12T22,El Paso Electric Company,EPE,922
2024-04-12T22,Idaho Power Company,IPCO,1643
2024-04-12T22,California Independent System Operator,CISO,22267
2024-04-12T22,Public Service Company of Colorado,PSCO,4226
2024-04-12T22,Turlock Irrigation District,TIDC,297
2024-04-12T22,Florida Municipal Power Pool,FMPP,2321
2024-04-12T22,PUD No. 1 of Douglas County,DOPD,213
2024-04-12T21,Seattle City Light,SCL,1096
2024-04-12T21,New York Independent System Operator,NYIS,16016
2024-04-12T21,South Carolina Public Service Authority,SC,2530
2024-04-12T21,"PJM Interconnection, LLC",PJM,82774
2024-04-12T21,Florida Municipal Power Pool,FMPP,2243
2024-04-12T21,ISO New England,ISNE,12815
2024-04-12T21,Imperial Irrigation District,IID,411
2024-04-12T21,Southwest Power Pool,SWPP,29427
2024-04-12T21,"City of Tacoma, Department of Public Utilities, Light Division",TPWR,515
2024-04-12T21,PUD No. 1 of Douglas County,DOPD,219
2024-04-12T21,JEA,JEA,1539
2024-04-12T21,Bonneville Power Administration,BPAT,6341
2024-04-12T21,"Associated Electric Cooperative, Inc.",AECI,1716
2024-04-12T21,Western Area Power Administration - Rocky Mountain Region,WACM,3456
2024-04-12T21,Florida Power & Light Co.,FPL,18208
2024-04-12T21,"Southern Company Services, Inc. - Trans",SOCO,22838
2024-04-12T21,Salt River Project Agricultural Improvement and Power District,SRP,3684
2024-04-12T21,Tampa Electric Company,TEC,2574
2024-04-12T21,Public Service Company of New Mexico,PNM,1379
2024-04-12T21,Public Utility District No. 1 of Chelan County,CHPD,168
2024-04-12T21,City of Tallahassee,TAL,315
2024-04-12T21,Louisville Gas and Electric Company and Kentucky Utilities Company,LGEE,4044
2024-04-12T21,"Electric Reliability Council of Texas, Inc.",ERCO,49344
2024-04-12T21,Tennessee Valley Authority,TVA,15789
2024-04-12T21,City of Homestead,HST,91
2024-04-12T21,Los Angeles Department of Water and Power,LDWP,107
2024-04-12T21,Avista Corporation,AVA,1385
2024-04-12T21,Seminole Electric Cooperative,SEC,267
2024-04-12T21,"Dominion Energy South Carolina, Inc.",SCEG,2330
2024-04-12T21,Balancing Authority of Northern California,BANC,1814
2024-04-12T21,Public Service Company of Colorado,PSCO,4101
2024-04-12T21,Portland General Electric Company,PGE,2299
2024-04-12T21,El Paso Electric Company,EPE,894
2024-04-12T21,Western Area Power Administration - Desert Southwest Region,WALC,1127
2024-04-12T21,Turlock Irrigation District,TIDC,298
2024-04-12T21,Southwestern Power Administration,SPA,-253
2024-04-12T21,"Midcontinent Independent System Operator, Inc.",MISO,66815
2024-04-12T21,NorthWestern Corporation,NWMT,1270
2024-04-12T21,Nevada Power Company,NEVP,3726
2024-04-12T21,California Independent System Operator,CISO,22564
2024-04-12T21,Arizona Public Service Company,AZPS,2699
2024-04-12T21,Tucson Electric Power,TEPC,1207
2024-04-12T21,Idaho Power Company,IPCO,1667
2024-04-12T21,Gainesville Regional Utilities,GVL,236
2024-04-12T20,"PJM Interconnection, LLC",PJM,83371
2024-04-12T20,Public Service Company of Colorado,PSCO,4063
2024-04-12T20,PUD No. 1 of Douglas County,DOPD,217
2024-04-12T20,Nevada Power Company,NEVP,3594
2024-04-12T20,"Electric Reliability Council of Texas, Inc.",ERCO,47869
2024-04-12T20,"City of Tacoma, Department of Public Utilities, Light Division",TPWR,534
2024-04-12T20,Florida Municipal Power Pool,FMPP,2185
2024-04-12T20,"Southern Company Services, Inc. - Trans",SOCO,22663
2024-04-12T20,Western Area Power Administration - Desert Southwest Region,WALC,1109
2024-04-12T20,"Associated Electric Cooperative, Inc.",AECI,1736
2024-04-12T20,Imperial Irrigation District,IID,385
2024-04-12T20,Southwestern Power Administration,SPA,-268
2024-04-12T20,Seattle City Light,SCL,1127
2024-04-12T20,Seminole Electric Cooperative,SEC,251
2024-04-12T20,Gainesville Regional Utilities,GVL,225
2024-04-12T20,NorthWestern Corporation,NWMT,1289
2024-04-12T20,Southwest Power Pool,SWPP,29359
2024-04-12T20,South Carolina Public Service Authority,SC,2477
2024-04-12T20,Portland General Electric Company,PGE,2322
2024-04-12T20,Public Service Company of New Mexico,PNM,1301
2024-04-12T20,"Midcontinent Independent System Operator, Inc.",MISO,67107
2024-04-12T20,ISO New England,ISNE,12688
2024-04-12T20,Turlock Irrigation District,TIDC,294
2024-04-12T20,California Independent System Operator,CISO,22262
2024-04-12T20,City of Homestead,HST,85
2024-04-12T20,Florida Power & Light Co.,FPL,17549
2024-04-12T20,El Paso Electric Company,EPE,864
2024-04-12T20,Tampa Electric Company,TEC,2455
2024-04-12T20,"Dominion Energy South Carolina, Inc.",SCEG,2285
2024-04-12T20,New York Independent System Operator,NYIS,15808
2024-04-12T20,Public Utility District No. 1 of Chelan County,CHPD,168
2024-04-12T20,Tucson Electric Power,TEPC,1164
2024-04-12T20,Balancing Authority of Northern California,BANC,1698
2024-04-12T20,Louisville Gas and Electric Company and Kentucky Utilities Company,LGEE,4095
2024-04-12T20,JEA,JEA,1469
2024-04-12T20,Los Angeles Department of Water and Power,LDWP,104
2024-04-12T20,City of Tallahassee,TAL,335
2024-04-12T20,Salt River Project Agricultural Improvement and Power District,SRP,3537
2024-04-12T20,Western Area Power Administration - Rocky Mountain Region,WACM,3479
2024-04-12T20,Tennessee Valley Authority,TVA,15945
2024-04-12T20,Avista Corporation,AVA,1389
2024-04-12T20,Arizona Public Service Company,AZPS,2572
2024-04-12T20,Bonneville Power Administration,BPAT,6491
2024-04-12T20,Idaho Power Company,IPCO,1630
2024-04-12T19,California Independent System Operator,CISO,22493
2024-04-12T19,City of Tallahassee,TAL,322
2024-04-12T19,Seminole Electric Cooperative,SEC,235
2024-04-12T19,"Midcontinent Independent System Operator, Inc.",MISO,67604
2024-04-12T19,Idaho Power Company,IPCO,1615
2024-04-12T19,PUD No. 1 of Douglas County,DOPD,227
2024-04-12T19,Western Area Power Administration - Desert Southwest Region,WALC,1098
2024-04-12T19,Imperial Irrigation District,IID,359
2024-04-12T19,NorthWestern Corporation,NWMT,1299
2024-04-12T19,South Carolina Public Service Authority,SC,2433
2024-04-12T19,Public Service Company of New Mexico,PNM,1257
2024-04-12T19,"PJM Interconnection, LLC",PJM,83861
2024-04-12T19,"City of Tacoma, Department of Public Utilities, Light Division",TPWR,545
2024-04-12T19,Tennessee Valley Authority,TVA,16180
2024-04-12T19,New York Independent System Operator,NYIS,15769
2024-04-12T19,Tucson Electric Power,TEPC,1121
2024-04-12T19,Avista Corporation,AVA,1411
2024-04-12T19,Portland General Electric Company,PGE,2344
2024-04-12T19,Salt River Project Agricultural Improvement and Power District,SRP,3352
2024-04-12T19,Florida Power & Light Co.,FPL,16834
2024-04-12T19,Turlock Irrigation District,TIDC,289
2024-04-12T19,Florida Municipal Power Pool,FMPP,2074
2024-04-12T19,Balancing Authority of Northern California,BANC,1679
2024-04-12T19,Public Service Company of Colorado,PSCO,4047
2024-04-12T19,Nevada Power Company,NEVP,3517
2024-04-12T19,ISO New England,ISNE,12881
2024-04-12T19,Louisville Gas and Electric Company and Kentucky Utilities Company,LGEE,4163
2024-04-12T19,"Electric Reliability Council of Texas, Inc.",ERCO,46649
2024-04-12T19,"Southern Company Services, Inc. - Trans",SOCO,22762
2024-04-12T19,JEA,JEA,1406
2024-04-12T19,Western Area Power Administration - Rocky Mountain Region,WACM,3556
2024-04-12T19,"Dominion Energy South Carolina, Inc.",SCEG,2234
2024-04-12T19,City of Homestead,HST,80
2024-04-12T19,Los Angeles Department of Water and Power,LDWP,104
2024-04-12T19,"Associated Electric Cooperative, Inc.",AECI,1782
2024-04-12T19,Southwestern Power Administration,SPA,-273
2024-04-12T19,Southwest Power Pool,SWPP,29292
2024-04-12T19,Arizona Public Service Company,AZPS,2668
2024-04-12T19,El Paso Electric Company,EPE,844
2024-04-12T19,Bonneville Power Administration,BPAT,6661
2024-04-12T19,Tampa Electric Company,TEC,2352
2024-04-12T19,Public Utility District No. 1 of Chelan County,CHPD,179
2024-04-12T19,Seattle City Light,SCL,1161
2024-04-12T19,Gainesville Regional Utilities,GVL,215
2024-04-12T18,El Paso Electric Company,EPE,829
2024-04-12T18,JEA,JEA,1350
2024-04-12T18,NorthWestern Corporation,NWMT,1313
2024-04-12T18,Tucson Electric Power,TEPC,1101
2024-04-12T18,"Electric Reliability Council of Texas, Inc.",ERCO,45522
2024-04-12T18,Turlock Irrigation District,TIDC,290
2024-04-12T18,Florida Power & Light Co.,FPL,16183
2024-04-12T18,Tampa Electric Company,TEC,2257
2024-04-12T18,ISO New England,ISNE,12934
2024-04-12T18,New York Independent System Operator,NYIS,16118
2024-04-12T18,Seminole Electric Cooperative,SEC,222
2024-04-12T18,Arizona Public Service Company,AZPS,2626
2024-04-12T18,City of Homestead,HST,76
2024-04-12T18,Public Service Company of New Mexico,PNM,1270
2024-04-12T18,"City of Tacoma, Department of Public Utilities, Light Division",TPWR,566
2024-04-12T18,Imperial Irrigation District,IID,340
2024-04-12T18,City of Tallahassee,TAL,309
2024-04-12T18,Florida Municipal Power Pool,FMPP,1991
2024-04-12T18,Western Area Power Administration - Desert Southwest Region,WALC,1086
2024-04-12T18,PUD No. 1 of Douglas County,DOPD,231
2024-04-12T18,Idaho Power Company,IPCO,1636
2024-04-12T18,"PJM Interconnection, LLC",PJM,84576
2024-04-12T18,"Dominion Energy South Carolina, Inc.",SCEG,2207
2024-04-12T18,Seattle City Light,SCL,1187
2024-04-12T18,Balancing Authority of Northern California,BANC,1675
2024-04-12T18,Salt River Project Agricultural Improvement and Power District,SRP,3215
2024-04-12T18,Public Utility District No. 1 of Chelan County,CHPD,185
2024-04-12T18,Louisville Gas and Electric Company and Kentucky Utilities Company,LGEE,4165
2024-04-12T18,Southwestern Power Administration,SPA,-302
2024-04-12T18,"Associated Electric Cooperative, Inc.",AECI,1802
2024-04-12T18,Nevada Power Company,NEVP,3451
2024-04-12T18,Tennessee Valley Authority,TVA,16369
2024-04-12T18,Western Area Power Administration - Rocky Mountain Region,WACM,3586
2024-04-12T18,Avista Corporation,AVA,1428
2024-04-12T18,"Southern Company Services, Inc. - Trans",SOCO,22872
2024-04-12T18,Portland General Electric Company,PGE,2392
2024-04-12T18,"Midcontinent Independent System Operator, Inc.",MISO,68025
2024-04-12T18,Southwest Power Pool,SWPP,29221
2024-04-12T18,South Carolina Public Service Authority,SC,2418
2024-04-12T18,Los Angeles Department of Water and Power,LDWP,99
2024-04-12T18,Public Service Company of Colorado,PSCO,4050
2024-04-12T18,Bonneville Power Administration,BPAT,6818
2024-04-12T18,Gainesville Regional Utilities,GVL,206
2024-04-12T18,California Independent System Operator,CISO,22724
2024-04-12T17,California Independent System Operator,CISO,23403
2024-04-12T17,Bonneville Power Administration,BPAT,6961
2024-04-12T17,JEA,JEA,1297
2024-04-12T17,"Associated Electric Cooperative, Inc.",AECI,1889
2024-04-12T17,Public Service Company of New Mexico,PNM,1301
2024-04-12T17,Florida Power & Light Co.,FPL,15576
2024-04-12T17,Gainesville Regional Utilities,GVL,200
2024-04-12T17,"City of Tacoma, Department of Public Utilities, Light Division",TPWR,573
2024-04-12T17,"PJM Interconnection, LLC",PJM,85281
2024-04-12T17,Southwestern Power Administration,SPA,20
2024-04-12T17,Imperial Irrigation District,IID,331
2024-04-12T17,"Dominion Energy South Carolina, Inc.",SCEG,2213
2024-04-12T17,Seminole Electric Cooperative,SEC,211
2024-04-12T17,El Paso Electric Company,EPE,812
2024-04-12T17,City of Homestead,HST,71
2024-04-12T17,Arizona Public Service Company,AZPS,2794
2024-04-12T17,PUD No. 1 of Douglas County,DOPD,239
2024-04-12T17,Tennessee Valley Authority,TVA,16633
2024-04-12T17,Florida Municipal Power Pool,FMPP,1913
2024-04-12T17,Balancing Authority of Northern California,BANC,1710
2024-04-12T17,Avista Corporation,AVA,1460
2024-04-12T17,Los Angeles Department of Water and Power,LDWP,106
2024-04-12T17,Tucson Electric Power,TEPC,1122
2024-04-12T17,"Midcontinent Independent System Operator, Inc.",MISO,68356
2024-04-12T17,Nevada Power Company,NEVP,3440
2024-04-12T17,Seattle City Light,SCL,1198
2024-04-12T17,City of Tallahassee,TAL,281
2024-04-12T17,Western Area Power Administration - Rocky Mountain Region,WACM,3614
2024-04-12T17,ISO New England,ISNE,12949
2024-04-12T17,Southwest Power Pool,SWPP,29389
2024-04-12T17,Western Area Power Administration - Desert Southwest Region,WALC,1060
2024-04-12T17,Turlock Irrigation District,TIDC,292
2024-04-12T17,Idaho Power Company,IPCO,1645
2024-04-12T17,Tampa Electric Company,TEC,2167
2024-04-12T17,Salt River Project Agricultural Improvement and Power District,SRP,3040
2024-04-12T17,"Southern Company Services, Inc. - Trans",SOCO,22998
2024-04-12T17,Public Service Company of Colorado,PSCO,4136
2024-04-12T17,South Carolina Public Service Authority,SC,2413
2024-04-12T17,Public Utility District No. 1 of Chelan County,CHPD,197
2024-04-12T17,NorthWestern Corporation,NWMT,1323
2024-04-12T17,Portland General Electric Company,PGE,2487
2024-04-12T17,New York Independent System Operator,NYIS,15776
2024-04-12T17,Louisville Gas and Electric Company and Kentucky Utilities Company,LGEE,4104
2024-04-12T17,"Electric Reliability Council of Texas, Inc.",ERCO,44777
2024-04-12T16,Turlock Irrigation District,TIDC,294
2024-04-12T16,South Carolina Public Service Authority,SC,2417
2024-04-12T16,El Paso Electric Company,EPE,791
2024-04-12T16,Seminole Electric Cooperative,SEC,204
2024-04-12T16,Arizona Public Service Company,AZPS,2924
2024-04-12T16,"Southern Company Services, Inc. - Trans",SOCO,23248
2024-04-12T16,Florida Municipal Power Pool,FMPP,1863
2024-04-12T16,Avista Corporation,AVA,1472
2024-04-12T16,"Dominion Energy South Carolina, Inc.",SCEG,2240
2024-04-12T16,Southwestern Power Administration,SPA,23
2024-04-12T16,Southwest Power Pool,SWPP,29556
2024-04-12T16,Public Service Company of Colorado,PSCO,4221
2024-04-12T16,Tucson Electric Power,TEPC,1155
2024-04-12T16,Western Area Power Administration - Desert Southwest Region,WALC,1071
2024-04-12T16,California Independent System Operator,CISO,23504
2024-04-12T16,New York Independent System Operator,NYIS,15955
2024-04-12T16,City of Homestead,HST,66
2024-04-12T16,"City of Tacoma, Department of Public Utilities, Light Division",TPWR,579
2024-04-12T16,Bonneville Power Administration,BPAT,7035
2024-04-12T16,Tennessee Valley Authority,TVA,16725
2024-04-12T16,"Electric Reliability Council of Texas, Inc.",ERCO,44311
2024-04-12T16,"Midcontinent Independent System Operator, Inc.",MISO,68990
2024-04-12T16,"Associated Electric Cooperative, Inc.",AECI,1957
2024-04-12T16,Florida Power & Light Co.,FPL,15101
2024-04-12T16,Idaho Power Company,IPCO,1690
2024-04-12T16,Los Angeles Department of Water and Power,LDWP,123
2024-04-12T16,NorthWestern Corporation,NWMT,1339
2024-04-12T16,Imperial Irrigation District,IID,306
2024-04-12T16,Western Area Power Administration - Rocky Mountain Region,WACM,3620
2024-04-12T16,PUD No. 1 of Douglas County,DOPD,251
2024-04-12T16,"PJM Interconnection, LLC",PJM,85273
2024-04-12T16,Public Service Company of New Mexico,PNM,1350
2024-04-12T16,Portland General Electric Company,PGE,2650
2024-04-12T16,JEA,JEA,1319
2024-04-12T16,Louisville Gas and Electric Company and Kentucky Utilities Company,LGEE,4098
2024-04-12T16,Public Utility District No. 1 of Chelan County,CHPD,209
2024-04-12T16,Tampa Electric Company,TEC,2095
2024-04-12T16,Balancing Authority of Northern California,BANC,1684
2024-04-12T16,Seattle City Light,SCL,1204
2024-04-12T16,City of Tallahassee,TAL,276
2024-04-12T16,ISO New England,ISNE,13182
2024-04-12T16,Gainesville Regional Utilities,GVL,197
2024-04-12T16,Salt River Project Agricultural Improvement and Power District,SRP,2962
2024-04-12T16,Nevada Power Company,NEVP,3466
2024-04-12T15,Turlock Irrigation District,TIDC,296
2024-04-12T15,Seminole Electric Cooperative,SEC,198
2024-04-12T15,"PJM Interconnection, LLC",PJM,85586
2024-04-12T15,Florida Power & Light Co.,FPL,14622
2024-04-12T15,Idaho Power Company,IPCO,1733
2024-04-12T15,City of Tallahassee,TAL,285
2024-04-12T15,Nevada Power Company,NEVP,3490
2024-04-12T15,"Midcontinent Independent System Operator, Inc.",MISO,69517
2024-04-12T15,Seattle City Light,SCL,1165
2024-04-12T15,South Carolina Public Service Authority,SC,2418
2024-04-12T15,Gainesville Regional Utilities,GVL,195
2024-04-12T15,Salt River Project Agricultural Improvement and Power District,SRP,2967
2024-04-12T15,ISO New England,ISNE,13356
2024-04-12T15,Bonneville Power Administration,BPAT,7018
2024-04-12T15,Tucson Electric Power,TEPC,1211
2024-04-12T15,Tampa Electric Company,TEC,2046
2024-04-12T15,Avista Corporation,AVA,1465
2024-04-12T15,Louisville Gas and Electric Company and Kentucky Utilities Company,LGEE,4103
2024-04-12T15,Florida Municipal Power Pool,FMPP,1813
2024-04-12T15,Public Utility District No. 1 of Chelan County,CHPD,224
2024-04-12T15,Western Area Power Administration - Desert Southwest Region,WALC,1011
2024-04-12T15,Arizona Public Service Company,AZPS,2967
2024-04-12T15,City of Homestead,HST,61
2024-04-12T15,"City of Tacoma, Department of Public Utilities, Light Division",TPWR,575
2024-04-12T15,Balancing Authority of Northern California,BANC,1665
2024-04-12T15,Public Service Company of New Mexico,PNM,1408
2024-04-12T15,California Independent System Operator,CISO,22653
2024-04-12T15,Tennessee Valley Authority,TVA,16742
2024-04-12T15,"Southern Company Services, Inc. - Trans",SOCO,23341
2024-04-12T15,New York Independent System Operator,NYIS,16191
2024-04-12T15,NorthWestern Corporation,NWMT,1370
2024-04-12T15,"Dominion Energy South Carolina, Inc.",SCEG,2211
2024-04-12T15,Western Area Power Administration - Rocky Mountain Region,WACM,3608
2024-04-12T15,Los Angeles Department of Water and Power,LDWP,194
2024-04-12T15,Southwestern Power Administration,SPA,24
2024-04-12T15,PUD No. 1 of Douglas County,DOPD,258
2024-04-12T15,Portland General Electric Company,PGE,2580
2024-04-12T15,JEA,JEA,1292
2024-04-12T15,El Paso Electric Company,EPE,805
2024-04-12T15,Imperial Irrigation District,IID,298
2024-04-12T15,Southwest Power Pool,SWPP,29789
2024-04-12T15,"Electric Reliability Council of Texas, Inc.",ERCO,43817
2024-04-12T15,Public Service Company of Colorado,PSCO,4365
2024-04-12T15,"Associated Electric Cooperative, Inc.",AECI,2065
2024-04-12T14,Southwestern Power Administration,SPA,26
2024-04-12T14,"Dominion Energy South Carolina, Inc.",SCEG,2206
2024-04-12T14,Los Angeles Department of Water and Power,LDWP,224
2024-04-12T14,Nevada Power Company,NEVP,3447
2024-04-12T14,Bonneville Power Administration,BPAT,6645
2024-04-12T14,Western Area Power Administration - Rocky Mountain Region,WACM,3605
2024-04-12T14,Seminole Electric Cooperative,SEC,194
2024-04-12T14,Gainesville Regional Utilities,GVL,191
2024-04-12T14,"Southern Company Services, Inc. - Trans",SOCO,23377
2024-04-12T14,Avista Corporation,AVA,1389
2024-04-12T14,Imperial Irrigation District,IID,278
2024-04-12T14,Public Service Company of New Mexico,PNM,1492
2024-04-12T14,Seattle City Light,SCL,1088
2024-04-12T14,Tucson Electric Power,TEPC,1228
2024-04-12T14,Tampa Electric Company,TEC,1996
2024-04-12T14,Public Service Company of Colorado,PSCO,4555
2024-04-12T14,Florida Municipal Power Pool,FMPP,1744
2024-04-12T14,Louisville Gas and Electric Company and Kentucky Utilities Company,LGEE,4140
2024-04-12T14,New York Independent System Operator,NYIS,16316
2024-04-12T14,"Midcontinent Independent System Operator, Inc.",MISO,70090
2024-04-12T14,City of Tallahassee,TAL,292
2024-04-12T14,"PJM Interconnection, LLC",PJM,85593
2024-04-12T14,Idaho Power Company,IPCO,1718
2024-04-12T14,Arizona Public Service Company,AZPS,3041
2024-04-12T14,Southwest Power Pool,SWPP,30137
2024-04-12T14,South Carolina Public Service Authority,SC,2390
2024-04-12T14,Portland General Electric Company,PGE,2423
2024-04-12T14,"Electric Reliability Council of Texas, Inc.",ERCO,42994
2024-04-12T14,City of Homestead,HST,57
2024-04-12T14,Western Area Power Administration - Desert Southwest Region,WALC,1049
2024-04-12T14,NorthWestern Corporation,NWMT,1370
2024-04-12T14,Florida Power & Light Co.,FPL,14006
2024-04-12T14,Turlock Irrigation District,TIDC,284
2024-04-12T14,JEA,JEA,1281
2024-04-12T14,"City of Tacoma, Department of Public Utilities, Light Division",TPWR,548
2024-04-12T14,"Associated Electric Cooperative, Inc.",AECI,2185
2024-04-12T14,Public Utility District No. 1 of Chelan County,CHPD,209
2024-04-12T14,Balancing Authority of Northern California,BANC,1575
2024-04-12T14,Tennessee Valley Authority,TVA,16984
2024-04-12T14,El Paso Electric Company,EPE,810
2024-04-12T14,Salt River Project Agricultural Improvement and Power District,SRP,2886
2024-04-12T14,ISO New England,ISNE,13400
2024-04-12T14,California Independent System Operator,CISO,21016
2024-04-12T14,PUD No. 1 of Douglas County,DOPD,255
2024-04-12T13,Public Service Company of Colorado,PSCO,4535
2024-04-12T13,Los Angeles Department of Water and Power,LDWP,219
2024-04-12T13,"Southern Company Services, Inc. - Trans",SOCO,23303
2024-04-12T13,"PJM Interconnection, LLC",PJM,84652
2024-04-12T13,Public Utility District No. 1 of Chelan County,CHPD,187
2024-04-12T13,"Midcontinent Independent System Operator, Inc.",MISO,70542
2024-04-12T13,"Electric Reliability Council of Texas, Inc.",ERCO,42355
2024-04-12T13,PUD No. 1 of Douglas County,DOPD,229
2024-04-12T13,ISO New England,ISNE,13248
2024-04-12T13,City of Tallahassee,TAL,291
2024-04-12T13,Southwest Power Pool,SWPP,30396
2024-04-12T13,City of Homestead,HST,54
2024-04-12T13,"Associated Electric Cooperative, Inc.",AECI,2342
2024-04-12T13,Tennessee Valley Authority,TVA,17103
2024-04-12T13,NorthWestern Corporation,NWMT,1308
2024-04-12T13,"City of Tacoma, Department of Public Utilities, Light Division",TPWR,495
2024-04-12T13,Bonneville Power Administration,BPAT,6084
2024-04-12T13,El Paso Electric Company,EPE,795
2024-04-12T13,Tucson Electric Power,TEPC,1187
2024-04-12T13,Southwestern Power Administration,SPA,18
2024-04-12T13,Avista Corporation,AVA,1252
2024-04-12T13,Louisville Gas and Electric Company and Kentucky Utilities Company,LGEE,4043
2024-04-12T13,Seattle City Light,SCL,960
2024-04-12T13,Idaho Power Company,IPCO,1595
2024-04-12T13,"Dominion Energy South Carolina, Inc.",SCEG,2185
2024-04-12T13,Salt River Project Agricultural Improvement and Power District,SRP,2742
2024-04-12T13,Nevada Power Company,NEVP,3353
2024-04-12T13,Public Service Company of New Mexico,PNM,1488
2024-04-12T13,JEA,JEA,1234
2024-04-12T13,Turlock Irrigation District,TIDC,266
2024-04-12T13,Seminole Electric Cooperative,SEC,188
2024-04-12T13,Gainesville Regional Utilities,GVL,188
2024-04-12T13,New York Independent System Operator,NYIS,16013
2024-04-12T13,Portland General Electric Company,PGE,2185
2024-04-12T13,California Independent System Operator,CISO,20094
2024-04-12T13,Tampa Electric Company,TEC,1939
2024-04-12T13,Western Area Power Administration - Desert Southwest Region,WALC,983
2024-04-12T13,South Carolina Public Service Authority,SC,2372
2024-04-12T13,Arizona Public Service Company,AZPS,2905
2024-04-12T13,Florida Municipal Power Pool,FMPP,1683
2024-04-12T13,Imperial Irrigation District,IID,263
2024-04-12T13,Western Area Power Administration - Rocky Mountain Region,WACM,3548
2024-04-12T13,Balancing Authority of Northern California,BANC,1459
2024-04-12T13,Florida Power & Light Co.,FPL,13238
2024-04-12T12,South Carolina Public Service Authority,SC,2321
2024-04-12T12,Louisville Gas and Electric Company and Kentucky Utilities Company,LGEE,3945
2024-04-12T12,Tennessee Valley Authority,TVA,16750
2024-04-12T12,Southwest Power Pool,SWPP,29314
2024-04-12T12,Seattle City Light,SCL,866
2024-04-12T12,Public Service Company of Colorado,PSCO,4234
2024-04-12T12,NorthWestern Corporation,NWMT,1202
2024-04-12T12,Avista Corporation,AVA,1153
2024-04-12T12,Western Area Power Administration - Rocky Mountain Region,WACM,3541
2024-04-12T12,California Independent System Operator,CISO,20181
2024-04-12T12,"Electric Reliability Council of Texas, Inc.",ERCO,40928
2024-04-12T12,Seminole Electric Cooperative,SEC,178
2024-04-12T12,ISO New England,ISNE,12712
2024-04-12T12,Arizona Public Service Company,AZPS,2814
2024-04-12T12,City of Homestead,HST,55
2024-04-12T12,PUD No. 1 of Douglas County,DOPD,215
2024-04-12T12,Turlock Irrigation District,TIDC,256
2024-04-12T12,"Dominion Energy South Carolina, Inc.",SCEG,2137
2024-04-12T12,Western Area Power Administration - Desert Southwest Region,WALC,961
2024-04-12T12,Bonneville Power Administration,BPAT,5666
2024-04-12T12,"City of Tacoma, Department of Public Utilities, Light Division",TPWR,449
2024-04-12T12,Nevada Power Company,NEVP,3250
2024-04-12T12,"Southern Company Services, Inc. - Trans",SOCO,22950
2024-04-12T12,JEA,JEA,1202
2024-04-12T12,Public Service Company of New Mexico,PNM,1383
2024-04-12T12,New York Independent System Operator,NYIS,15644
2024-04-12T12,Balancing Authority of Northern California,BANC,1395
2024-04-12T12,Portland General Electric Company,PGE,2019
2024-04-12T12,Public Utility District No. 1 of Chelan County,CHPD,170
2024-04-12T12,El Paso Electric Company,EPE,735
2024-04-12T12,Idaho Power Company,IPCO,1388
2024-04-12T12,"PJM Interconnection, LLC",PJM,82892
2024-04-12T12,Salt River Project Agricultural Improvement and Power District,SRP,2606
2024-04-12T12,Tucson Electric Power,TEPC,1130
2024-04-12T12,Los Angeles Department of Water and Power,LDWP,209
2024-04-12T12,Imperial Irrigation District,IID,267
2024-04-12T12,Tampa Electric Company,TEC,1907
2024-04-12T12,City of Tallahassee,TAL,282
2024-04-12T12,"Associated Electric Cooperative, Inc.",AECI,2327
2024-04-12T12,Florida Municipal Power Pool,FMPP,1628
2024-04-12T12,"Midcontinent Independent System Operator, Inc.",MISO,68568
2024-04-12T12,Gainesville Regional Utilities,GVL,182
2024-04-12T12,Southwestern Power Administration,SPA,30
2024-04-12T12,Florida Power & Light Co.,FPL,12551
2024-04-12T11,Nevada Power Company,NEVP,3231
2024-04-12T11,City of Homestead,HST,57
2024-04-12T11,Seattle City Light,SCL,823
2024-04-12T11,Gainesville Regional Utilities,GVL,170
2024-04-12T11,Public Utility District No. 1 of Chelan County,CHPD,157
2024-04-12T11,Bonneville Power Administration,BPAT,5509
2024-04-12T11,NorthWestern Corporation,NWMT,1151
2024-04-12T11,Florida Municipal Power Pool,FMPP,1546
2024-04-12T11,El Paso Electric Company,EPE,689
2024-04-12T11,Florida Power & Light Co.,FPL,12063
2024-04-12T11,Louisville Gas and Electric Company and Kentucky Utilities Company,LGEE,3776
2024-04-12T11,Tucson Electric Power,TEPC,1100
2024-04-12T11,Western Area Power Administration - Rocky Mountain Region,WACM,3372
2024-04-12T11,Tennessee Valley Authority,TVA,15507
2024-04-12T11,ISO New England,ISNE,11704
2024-04-12T11,Arizona Public Service Company,AZPS,2762
2024-04-12T11,"PJM Interconnection, LLC",PJM,78678
2024-04-12T11,"Dominion Energy South Carolina, Inc.",SCEG,2068
2024-04-12T11,Western Area Power Administration - Desert Southwest Region,WALC,952
2024-04-12T11,"Electric Reliability Council of Texas, Inc.",ERCO,38150
2024-04-12T11,Los Angeles Department of Water and Power,LDWP,206
2024-04-12T11,Avista Corporation,AVA,1110
2024-04-12T11,Imperial Irrigation District,IID,273
2024-04-12T11,Salt River Project Agricultural Improvement and Power District,SRP,2571
2024-04-12T11,Turlock Irrigation District,TIDC,252
2024-04-12T11,City of Tallahassee,TAL,230
2024-04-12T11,Idaho Power Company,IPCO,1303
2024-04-12T11,California Independent System Operator,CISO,20316
2024-04-12T11,Public Service Company of Colorado,PSCO,3979
2024-04-12T11,"City of Tacoma, Department of Public Utilities, Light Division",TPWR,428
2024-04-12T11,PUD No. 1 of Douglas County,DOPD,204
2024-04-12T11,"Southern Company Services, Inc. - Trans",SOCO,21629
2024-04-12T11,Seminole Electric Cooperative,SEC,167
2024-04-12T11,Balancing Authority of Northern California,BANC,1369
2024-04-12T11,Southwest Power Pool,SWPP,27288
2024-04-12T11,New York Independent System Operator,NYIS,14622
2024-04-12T11,Portland General Electric Company,PGE,1961
2024-04-12T11,Tampa Electric Company,TEC,1852
2024-04-12T11,Southwestern Power Administration,SPA,19
2024-04-12T11,"Associated Electric Cooperative, Inc.",AECI,2068
2024-04-12T11,JEA,JEA,1136
2024-04-12T11,Public Service Company of New Mexico,PNM,1316
2024-04-12T11,South Carolina Public Service Authority,SC,2248
2024-04-12T11,"Midcontinent Independent System Operator, Inc.",MISO,63850
2024-04-12T10,Salt River Project Agricultural Improvement and Power District,SRP,2646
2024-04-12T10,NorthWestern Corporation,NWMT,1131
2024-04-12T10,Gainesville Regional Utilities,GVL,154
2024-04-12T10,Los Angeles Department of Water and Power,LDWP,208
2024-04-12T10,Public Utility District No. 1 of Chelan County,CHPD,155
2024-04-12T10,Tampa Electric Company,TEC,1695
2024-04-12T10,Florida Municipal Power Pool,FMPP,1414
2024-04-12T10,Bonneville Power Administration,BPAT,5466
2024-04-12T10,"Dominion Energy South Carolina, Inc.",SCEG,1906
2024-04-12T10,"City of Tacoma, Department of Public Utilities, Light Division",TPWR,431
2024-04-12T10,"PJM Interconnection, LLC",PJM,73245
2024-04-12T10,"Southern Company Services, Inc. - Trans",SOCO,19750
2024-04-12T10,New York Independent System Operator,NYIS,13372
2024-04-12T10,"Electric Reliability Council of Texas, Inc.",ERCO,36520
2024-04-12T10,Idaho Power Company,IPCO,1288
2024-04-12T10,Turlock Irrigation District,TIDC,254
2024-04-12T10,Nevada Power Company,NEVP,3273
2024-04-12T10,Public Service Company of New Mexico,PNM,1311
2024-04-12T10,Tennessee Valley Authority,TVA,14311
2024-04-12T10,Avista Corporation,AVA,1113
2024-04-12T10,JEA,JEA,1010
2024-04-12T10,Southwest Power Pool,SWPP,26016
2024-04-12T10,PUD No. 1 of Douglas County,DOPD,205
2024-04-12T10,Public Service Company of Colorado,PSCO,3883
2024-04-12T10,Louisville Gas and Electric Company and Kentucky Utilities Company,LGEE,3448
2024-04-12T10,South Carolina Public Service Authority,SC,2079
2024-04-12T10,Tucson Electric Power,TEPC,1102
2024-04-12T10,Seminole Electric Cooperative,SEC,152
2024-04-12T10,Florida Power & Light Co.,FPL,11200
2024-04-12T10,Southwestern Power Administration,SPA,19
2024-04-12T10,El Paso Electric Company,EPE,662
2024-04-12T10,California Independent System Operator,CISO,20595
2024-04-12T10,Western Area Power Administration - Desert Southwest Region,WALC,951
2024-04-12T10,"Associated Electric Cooperative, Inc.",AECI,1883
2024-04-12T10,ISO New England,ISNE,10906
2024-04-12T10,City of Homestead,HST,55
2024-04-12T10,Seattle City Light,SCL,823
2024-04-12T10,Balancing Authority of Northern California,BANC,1395
2024-04-12T10,Imperial Irrigation District,IID,286
2024-04-12T10,Arizona Public Service Company,AZPS,2800
2024-04-12T10,Portland General Electric Company,PGE,1957
2024-04-12T10,Western Area Power Administration - Rocky Mountain Region,WACM,3282
2024-04-12T10,"Midcontinent Independent System Operator, Inc.",MISO,59913
2024-04-12T10,City of Tallahassee,TAL,206
2024-04-12T09,PUD No. 1 of Douglas County,DOPD,201
2024-04-12T09,"Dominion Energy South Carolina, Inc.",SCEG,1821
2024-04-12T09,Arizona Public Service Company,AZPS,2895
2024-04-12T09,"City of Tacoma, Department of Public Utilities, Light Division",TPWR,433
2024-04-12T09,JEA,JEA,945
2024-04-12T09,NorthWestern Corporation,NWMT,1120
2024-04-12T09,Western Area Power Administration - Rocky Mountain Region,WACM,3254
2024-04-12T09,Southwestern Power Administration,SPA,16
2024-04-12T09,Portland General Electric Company,PGE,1988
2024-04-12T09,Louisville Gas and Electric Company and Kentucky Utilities Company,LGEE,3300
2024-04-12T09,New York Independent System Operator,NYIS,12760
2024-04-12T09,Public Service Company of New Mexico,PNM,1317
2024-04-12T09,California Independent System Operator,CISO,21445
2024-04-12T09,Public Service Company of Colorado,PSCO,3847
2024-04-12T09,Tampa Electric Company,TEC,1626
2024-04-12T09,City of Tallahassee,TAL,196
2024-04-12T09,Salt River Project Agricultural Improvement and Power District,SRP,2736
2024-04-12T09,South Carolina Public Service Authority,SC,2002
2024-04-12T09,Bonneville Power Administration,BPAT,5512
2024-04-12T09,Florida Power & Light Co.,FPL,10813
2024-04-12T09,Public Utility District No. 1 of Chelan County,CHPD,154
2024-04-12T09,Tucson Electric Power,TEPC,1114
2024-04-12T09,Balancing Authority of Northern California,BANC,1443
2024-04-12T09,El Paso Electric Company,EPE,702
2024-04-12T09,"Associated Electric Cooperative, Inc.",AECI,1805
2024-04-12T09,Florida Municipal Power Pool,FMPP,1331
2024-04-12T09,Southwest Power Pool,SWPP,25548
2024-04-12T09,"Electric Reliability Council of Texas, Inc.",ERCO,36430
2024-04-12T09,Avista Corporation,AVA,1126
2024-04-12T09,Tennessee Valley Authority,TVA,13703
2024-04-12T09,"Midcontinent Independent System Operator, Inc.",MISO,58350
2024-04-12T09,Nevada Power Company,NEVP,3356
2024-04-12T09,Los Angeles Department of Water and Power,LDWP,216
2024-04-12T09,City of Homestead,HST,53
2024-04-12T09,Turlock Irrigation District,TIDC,264
2024-04-12T09,Gainesville Regional Utilities,GVL,148
2024-04-12T09,"Southern Company Services, Inc. - Trans",SOCO,18795
2024-04-12T09,"PJM Interconnection, LLC",PJM,71399
2024-04-12T09,Seminole Electric Cooperative,SEC,141
2024-04-12T09,Idaho Power Company,IPCO,1289
2024-04-12T09,ISO New England,ISNE,10552
2024-04-12T09,Seattle City Light,SCL,833
2024-04-12T09,Western Area Power Administration - Desert Southwest Region,WALC,959
2024-04-12T09,Imperial Irrigation District,IID,307
2024-04-12T08,"Midcontinent Independent System Operator, Inc.",MISO,58103
2024-04-12T08,El Paso Electric Company,EPE,713
2024-04-12T08,PUD No. 1 of Douglas County,DOPD,200
2024-04-12T08,Turlock Irrigation District,TIDC,280
2024-04-12T08,Seminole Electric Cooperative,SEC,141
2024-04-12T08,JEA,JEA,945
2024-04-12T08,Arizona Public Service Company,AZPS,3039
2024-04-12T08,South Carolina Public Service Authority,SC,1983
2024-04-12T08,"Southern Company Services, Inc. - Trans",SOCO,18652
2024-04-12T08,Portland General Electric Company,PGE,2044
2024-04-12T08,Tucson Electric Power,TEPC,1162
2024-04-12T08,"Dominion Energy South Carolina, Inc.",SCEG,1824
2024-04-12T08,Gainesville Regional Utilities,GVL,149
2024-04-12T08,Western Area Power Administration - Rocky Mountain Region,WACM,3244
2024-04-12T08,Bonneville Power Administration,BPAT,5640
2024-04-12T08,"Associated Electric Cooperative, Inc.",AECI,1774
2024-04-12T08,NorthWestern Corporation,NWMT,1142
2024-04-12T08,California Independent System Operator,CISO,22494
2024-04-12T08,Tampa Electric Company,TEC,1622
2024-04-12T08,"PJM Interconnection, LLC",PJM,70941
2024-04-12T08,Avista Corporation,AVA,1142
2024-04-12T08,Florida Municipal Power Pool,FMPP,1342
2024-04-12T08,Southwestern Power Administration,SPA,25
2024-04-12T08,ISO New England,ISNE,10318
2024-04-12T08,Tennessee Valley Authority,TVA,13504
2024-04-12T08,Los Angeles Department of Water and Power,LDWP,227
2024-04-12T08,City of Tallahassee,TAL,196
2024-04-12T08,Imperial Irrigation District,IID,337
2024-04-12T08,Public Service Company of New Mexico,PNM,1326
2024-04-12T08,Balancing Authority of Northern California,BANC,1534
2024-04-12T08,City of Homestead,HST,53
2024-04-12T08,Idaho Power Company,IPCO,1316
2024-04-12T08,Public Utility District No. 1 of Chelan County,CHPD,153
2024-04-12T08,Salt River Project Agricultural Improvement and Power District,SRP,2892
2024-04-12T08,New York Independent System Operator,NYIS,12596
2024-04-12T08,Nevada Power Company,NEVP,3486
2024-04-12T08,Southwest Power Pool,SWPP,25399
2024-04-12T08,Seattle City Light,SCL,873
2024-04-12T08,Florida Power & Light Co.,FPL,10997
2024-04-12T08,Public Service Company of Colorado,PSCO,3878
2024-04-12T08,Louisville Gas and Electric Company and Kentucky Utilities Company,LGEE,3251
2024-04-12T08,"Electric Reliability Council of Texas, Inc.",ERCO,36887
2024-04-12T08,Western Area Power Administration - Desert Southwest Region,WALC,980
2024-04-12T08,"City of Tacoma, Department of Public Utilities, Light Division",TPWR,446
2024-04-12T07,Balancing Authority of Northern California,BANC,1625
2024-04-12T07,City of Tallahassee,TAL,209
2024-04-12T07,Portland General Electric Company,PGE,2158
2024-04-12T07,Turlock Irrigation District,TIDC,300
2024-04-12T07,Seattle City Light,SCL,927
2024-04-12T07,Louisville Gas and Electric Company and Kentucky Utilities Company,LGEE,3296
2024-04-12T07,Avista Corporation,AVA,1195
2024-04-12T07,"Midcontinent Independent System Operator, Inc.",MISO,58620
2024-04-12T07,Seminole Electric Cooperative,SEC,147
2024-04-12T07,"City of Tacoma, Department of Public Utilities, Light Division",TPWR,469
2024-04-12T07,Public Service Company of New Mexico,PNM,1350
2024-04-12T07,Southwest Power Pool,SWPP,25633
2024-04-12T07,Nevada Power Company,NEVP,3670
2024-04-12T07,California Independent System Operator,CISO,23734
2024-04-12T07,Arizona Public Service Company,AZPS,3231
2024-04-12T07,Los Angeles Department of Water and Power,LDWP,247
2024-04-12T07,Tennessee Valley Authority,TVA,13498
2024-04-12T07,Public Service Company of Colorado,PSCO,3961
2024-04-12T07,Florida Power & Light Co.,FPL,11484
2024-04-12T07,Tucson Electric Power,TEPC,1213.84
2024-04-12T07,Idaho Power Company,IPCO,1350
2024-04-12T07,Bonneville Power Administration,BPAT,5819
2024-04-12T07,Western Area Power Administration - Rocky Mountain Region,WACM,3140
2024-04-12T07,"Southern Company Services, Inc. - Trans",SOCO,18696
2024-04-12T07,Western Area Power Administration - Desert Southwest Region,WALC,1058
2024-04-12T07,South Carolina Public Service Authority,SC,2011
2024-04-12T07,Southwestern Power Administration,SPA,21
2024-04-12T07,"Electric Reliability Council of Texas, Inc.",ERCO,37482
2024-04-12T07,Gainesville Regional Utilities,GVL,157
2024-04-12T07,New York Independent System Operator,NYIS,12720
2024-04-12T07,Public Utility District No. 1 of Chelan County,CHPD,158
2024-04-12T07,PUD No. 1 of Douglas County,DOPD,206
2024-04-12T07,City of Homestead,HST,57
2024-04-12T07,Tampa Electric Company,TEC,1674
2024-04-12T07,"Associated Electric Cooperative, Inc.",AECI,1756
2024-04-12T07,Imperial Irrigation District,IID,363
2024-04-12T07,Salt River Project Agricultural Improvement and Power District,SRP,3112
2024-04-12T07,"PJM Interconnection, LLC",PJM,71217
2024-04-12T07,ISO New England,ISNE,10356
2024-04-12T07,"Dominion Energy South Carolina, Inc.",SCEG,1851
2024-04-12T07,JEA,JEA,968
2024-04-12T07,Florida Municipal Power Pool,FMPP,1390
2024-04-12T07,NorthWestern Corporation,NWMT,1153
2024-04-12T07,El Paso Electric Company,EPE,758
2024-04-12T06,Idaho Power Company,IPCO,1447
2024-04-12T06,NorthWestern Corporation,NWMT,1182
2024-04-12T06,South Carolina Public Service Authority,SC,2063
2024-04-12T06,Southwestern Power Administration,SPA,18
2024-04-12T06,Imperial Irrigation District,IID,400
2024-04-12T06,"Electric Reliability Council of Texas, Inc.",ERCO,38832
2024-04-12T06,Public Service Company of Colorado,PSCO,4458
2024-04-12T06,Portland General Electric Company,PGE,2327
2024-04-12T06,Louisville Gas and Electric Company and Kentucky Utilities Company,LGEE,3335
2024-04-12T06,JEA,JEA,1018
2024-04-12T06,Tucson Electric Power,TEPC,1313.99
2024-04-12T06,Balancing Authority of Northern California,BANC,1780
2024-04-12T06,ISO New England,ISNE,10565
2024-04-12T06,Western Area Power Administration - Rocky Mountain Region,WACM,3203
2024-04-12T06,City of Tallahassee,TAL,220
2024-04-12T06,Seminole Electric Cooperative,SEC,156
2024-04-12T06,PUD No. 1 of Douglas County,DOPD,212
2024-04-12T06,Gainesville Regional Utilities,GVL,169
2024-04-12T06,Tampa Electric Company,TEC,1777
2024-04-12T06,Seattle City Light,SCL,992
2024-04-12T06,City of Homestead,HST,63
2024-04-12T06,"PJM Interconnection, LLC",PJM,72332
2024-04-12T06,California Independent System Operator,CISO,25328
2024-04-12T06,Turlock Irrigation District,TIDC,324
2024-04-12T06,Bonneville Power Administration,BPAT,6139
2024-04-12T06,"City of Tacoma, Department of Public Utilities, Light Division",TPWR,501
2024-04-12T06,Public Service Company of New Mexico,PNM,1409
2024-04-12T06,El Paso Electric Company,EPE,806
2024-04-12T06,"Associated Electric Cooperative, Inc.",AECI,1767
2024-04-12T06,Florida Power & Light Co.,FPL,12230
2024-04-12T06,Western Area Power Administration - Desert Southwest Region,WALC,1114
2024-04-12T06,Nevada Power Company,NEVP,3920
2024-04-12T06,Florida Municipal Power Pool,FMPP,1469
2024-04-12T06,"Southern Company Services, Inc. - Trans",SOCO,19151
2024-04-12T06,Tennessee Valley Authority,TVA,13733
2024-04-12T06,Arizona Public Service Company,AZPS,3505
2024-04-12T06,New York Independent System Operator,NYIS,12988
2024-04-12T06,"Dominion Energy South Carolina, Inc.",SCEG,1918
2024-04-12T06,Los Angeles Department of Water and Power,LDWP,247
2024-04-12T06,Southwest Power Pool,SWPP,25976
2024-04-12T06,Salt River Project Agricultural Improvement and Power District,SRP,3383
2024-04-12T06,Avista Corporation,AVA,1257
2024-04-12T06,Public Utility District No. 1 of Chelan County,CHPD,166
2024-04-12T06,"Midcontinent Independent System Operator, Inc.",MISO,59765
2024-04-12T05,Southwestern Power Administration,SPA,18
2024-04-12T05,NorthWestern Corporation,NWMT,1264
2024-04-12T05,South Carolina Public Service Authority,SC,2144
2024-04-12T05,El Paso Electric Company,EPE,886
2024-04-12T05,California Independent System Operator,CISO,26395
2024-04-12T05,City of Homestead,HST,71
2024-04-12T05,"PJM Interconnection, LLC",PJM,73494
2024-04-12T05,JEA,JEA,1093
2024-04-12T05,New York Independent System Operator,NYIS,13434
2024-04-12T05,Bonneville Power Administration,BPAT,6426
2024-04-12T05,"Associated Electric Cooperative, Inc.",AECI,1812
2024-04-12T05,Florida Municipal Power Pool,FMPP,1578
2024-04-12T05,Idaho Power Company,IPCO,1546
2024-04-12T05,Tennessee Valley Authority,TVA,14095.43
2024-04-12T05,Arizona Public Service Company,AZPS,3772
2024-04-12T05,Public Utility District No. 1 of Chelan County,CHPD,177
2024-04-12T05,Los Angeles Department of Water and Power,LDWP,239
2024-04-12T05,Salt River Project Agricultural Improvement and Power District,SRP,3678
2024-04-12T05,Public Service Company of Colorado,PSCO,4589
2024-04-12T05,Western Area Power Administration - Desert Southwest Region,WALC,1094
2024-04-12T05,"Midcontinent Independent System Operator, Inc.",MISO,60136
2024-04-12T05,Western Area Power Administration - Rocky Mountain Region,WACM,3316
2024-04-12T05,"Electric Reliability Council of Texas, Inc.",ERCO,40963
2024-04-12T05,Florida Power & Light Co.,FPL,13322
2024-04-12T05,Tucson Electric Power,TEPC,1391.46
2024-04-12T05,City of Tallahassee,TAL,233
2024-04-12T05,Tampa Electric Company,TEC,1916
2024-04-12T05,Nevada Power Company,NEVP,3775
2024-04-12T05,Louisville Gas and Electric Company and Kentucky Utilities Company,LGEE,3480
2024-04-12T05,Southwest Power Pool,SWPP,26731
2024-04-12T05,ISO New England,ISNE,10714
2024-04-12T05,Seattle City Light,SCL,1057
2024-04-12T05,Portland General Electric Company,PGE,2469
2024-04-12T05,Avista Corporation,AVA,1350
2024-04-12T05,PUD No. 1 of Douglas County,DOPD,226
2024-04-12T05,Turlock Irrigation District,TIDC,352
2024-04-12T05,Gainesville Regional Utilities,GVL,183
2024-04-12T05,"Dominion Energy South Carolina, Inc.",SCEG,2017
2024-04-12T05,Imperial Irrigation District,IID,435
2024-04-12T05,"City of Tacoma, Department of Public Utilities, Light Division",TPWR,538
2024-04-12T05,Seminole Electric Cooperative,SEC,170
2024-04-12T05,Public Service Company of New Mexico,PNM,1472
2024-04-12T05,"Southern Company Services, Inc. - Trans",SOCO,19586
2024-04-12T05,Balancing Authority of Northern California,BANC,1966
2024-04-12T04,Bonneville Power Administration,BPAT,6689
2024-04-12T04,Southwest Power Pool,SWPP,27861
2024-04-12T04,Seminole Electric Cooperative,SEC,169
2024-04-12T04,City of Homestead,HST,79
2024-04-12T04,Tucson Electric Power,TEPC,1416.71
2024-04-12T04,"Electric Reliability Council of Texas, Inc.",ERCO,43700
2024-04-12T04,JEA,JEA,1204
2024-04-12T04,Western Area Power Administration - Rocky Mountain Region,WACM,3495
2024-04-12T04,Arizona Public Service Company,AZPS,3993
2024-04-12T04,Public Utility District No. 1 of Chelan County,CHPD,181
2024-04-12T04,Florida Municipal Power Pool,FMPP,1752
2024-04-12T04,Gainesville Regional Utilities,GVL,202
2024-04-12T04,Public Service Company of New Mexico,PNM,1541
2024-04-12T04,Avista Corporation,AVA,1422
2024-04-12T04,Salt River Project Agricultural Improvement and Power District,SRP,3899
2024-04-12T04,Turlock Irrigation District,TIDC,370
2024-04-12T04,South Carolina Public Service Authority,SC,2295
2024-04-12T04,Balancing Authority of Northern California,BANC,2097
2024-04-12T04,NorthWestern Corporation,NWMT,1310
2024-04-12T04,New York Independent System Operator,NYIS,14106
2024-04-12T04,California Independent System Operator,CISO,26562
2024-04-12T04,Tampa Electric Company,TEC,2103
2024-04-12T04,Public Service Company of Colorado,PSCO,4773
2024-04-12T04,City of Tallahassee,TAL,256
2024-04-12T04,El Paso Electric Company,EPE,972
2024-04-12T04,ISO New England,ISNE,11099
2024-04-12T04,Imperial Irrigation District,IID,473
2024-04-12T04,"Associated Electric Cooperative, Inc.",AECI,1922
2024-04-12T04,"City of Tacoma, Department of Public Utilities, Light Division",TPWR,566
2024-04-12T04,Tennessee Valley Authority,TVA,14978.36
2024-04-12T04,"Midcontinent Independent System Operator, Inc.",MISO,62621
2024-04-12T04,Florida Power & Light Co.,FPL,35907
2024-04-12T04,Idaho Power Company,IPCO,1689
2024-04-12T04,Seattle City Light,SCL,1099
2024-04-12T04,Portland General Electric Company,PGE,2660
2024-04-12T04,"Southern Company Services, Inc. - Trans",SOCO,21082
2024-04-12T04,"PJM Interconnection, LLC",PJM,76559
2024-04-12T04,Southwestern Power Administration,SPA,25
2024-04-12T04,Louisville Gas and Electric Company and Kentucky Utilities Company,LGEE,3636
2024-04-12T04,PUD No. 1 of Douglas County,DOPD,228
2024-04-12T04,Los Angeles Department of Water and Power,LDWP,250
2024-04-12T04,Nevada Power Company,NEVP,3975
2024-04-12T04,Western Area Power Administration - Desert Southwest Region,WALC,1117
2024-04-12T04,"Dominion Energy South Carolina, Inc.",SCEG,2271
2024-04-12T03,Imperial Irrigation District,IID,508
2024-04-12T03,Gainesville Regional Utilities,GVL,224
2024-04-12T03,New York Independent System Operator,NYIS,15102
2024-04-12T03,PUD No. 1 of Douglas County,DOPD,230
2024-04-12T03,Louisville Gas and Electric Company and Kentucky Utilities Company,LGEE,3778
2024-04-12T03,Turlock Irrigation District,TIDC,375
2024-04-12T03,"Associated Electric Cooperative, Inc.",AECI,2041
2024-04-12T03,Salt River Project Agricultural Improvement and Power District,SRP,4051
2024-04-12T03,Seminole Electric Cooperative,SEC,196
2024-04-12T03,"Electric Reliability Council of Texas, Inc.",ERCO,46267
2024-04-12T03,Tampa Electric Company,TEC,2316
2024-04-12T03,Arizona Public Service Company,AZPS,4104
2024-04-12T03,El Paso Electric Company,EPE,1021
2024-04-12T03,Western Area Power Administration - Rocky Mountain Region,WACM,3571
2024-04-12T03,Public Service Company of New Mexico,PNM,1594
2024-04-12T03,Nevada Power Company,NEVP,4128
2024-04-12T03,Southwest Power Pool,SWPP,29042
2024-04-12T03,Florida Power & Light Co.,FPL,37228
2024-04-12T03,Western Area Power Administration - Desert Southwest Region,WALC,1151
2024-04-12T03,ISO New England,ISNE,11661
2024-04-12T03,Public Utility District No. 1 of Chelan County,CHPD,180
2024-04-12T03,Avista Corporation,AVA,1419
2024-04-12T03,Tucson Electric Power,TEPC,1469.93
2024-04-12T03,Public Service Company of Colorado,PSCO,4762
2024-04-12T03,California Independent System Operator,CISO,25405
2024-04-12T03,Los Angeles Department of Water and Power,LDWP,250
2024-04-12T03,City of Tallahassee,TAL,285
2024-04-12T03,"Dominion Energy South Carolina, Inc.",SCEG,2453
2024-04-12T03,"City of Tacoma, Department of Public Utilities, Light Division",TPWR,555
2024-04-12T03,Tennessee Valley Authority,TVA,15789.78
2024-04-12T03,Portland General Electric Company,PGE,2567
2024-04-12T03,Bonneville Power Administration,BPAT,6614
2024-04-12T03,JEA,JEA,1348
2024-04-12T03,"Midcontinent Independent System Operator, Inc.",MISO,65946
2024-04-12T03,NorthWestern Corporation,NWMT,1334
2024-04-12T03,Idaho Power Company,IPCO,1686
2024-04-12T03,Southwestern Power Administration,SPA,24
2024-04-12T03,"PJM Interconnection, LLC",PJM,80625
2024-04-12T03,Florida Municipal Power Pool,FMPP,1946
2024-04-12T03,City of Homestead,HST,87
2024-04-12T03,"Southern Company Services, Inc. - Trans",SOCO,22629
2024-04-12T03,Balancing Authority of Northern California,BANC,2118
2024-04-12T03,South Carolina Public Service Authority,SC,2495
2024-04-12T03,Seattle City Light,SCL,1093
2024-04-12T02,Public Service Company of Colorado,PSCO,4724
2024-04-12T02,Arizona Public Service Company,AZPS,4020
2024-04-12T02,Imperial Irrigation District,IID,529
2024-04-12T02,Los Angeles Department of Water and Power,LDWP,244
2024-04-12T02,Nevada Power Company,NEVP,4333
2024-04-12T02,"City of Tacoma, Department of Public Utilities, Light Division",TPWR,547
2024-04-12T02,NorthWestern Corporation,NWMT,1297
2024-04-12T02,City of Homestead,HST,94
2024-04-12T02,New York Independent System Operator,NYIS,16073
2024-04-12T02,Seminole Electric Cooperative,SEC,224
2024-04-12T02,South Carolina Public Service Authority,SC,2673
2024-04-12T02,Southwest Power Pool,SWPP,29477
2024-04-12T02,Florida Power & Light Co.,FPL,32928
2024-04-12T02,Gainesville Regional Utilities,GVL,246
2024-04-12T02,ISO New England,ISNE,12686
2024-04-12T02,City of Tallahassee,TAL,314
2024-04-12T02,JEA,JEA,1474
2024-04-12T02,"Electric Reliability Council of Texas, Inc.",ERCO,47267
2024-04-12T02,Tampa Electric Company,TEC,2521
2024-04-12T02,Salt River Project Agricultural Improvement and Power District,SRP,4098
2024-04-12T02,Turlock Irrigation District,TIDC,370
2024-04-12T02,Southwestern Power Administration,SPA,20
2024-04-12T02,"Southern Company Services, Inc. - Trans",SOCO,23884
2024-04-12T02,California Independent System Operator,CISO,24601
2024-04-12T02,Bonneville Power Administration,BPAT,6546
2024-04-12T02,Portland General Electric Company,PGE,2512
2024-04-12T02,El Paso Electric Company,EPE,1020
2024-04-12T02,Florida Municipal Power Pool,FMPP,2137
2024-04-12T02,Public Service Company of New Mexico,PNM,1535
2024-04-12T02,Tennessee Valley Authority,TVA,16498.83
2024-04-12T02,Balancing Authority of Northern California,BANC,2122
2024-04-12T02,Avista Corporation,AVA,1405
2024-04-12T02,"PJM Interconnection, LLC",PJM,85045
2024-04-12T02,"Dominion Energy South Carolina, Inc.",SCEG,2645
2024-04-12T02,Seattle City Light,SCL,1091
2024-04-12T02,PUD No. 1 of Douglas County,DOPD,231
2024-04-12T02,Louisville Gas and Electric Company and Kentucky Utilities Company,LGEE,3923
2024-04-12T02,Public Utility District No. 1 of Chelan County,CHPD,177
2024-04-12T02,Tucson Electric Power,TEPC,1555.8
2024-04-12T02,Western Area Power Administration - Desert Southwest Region,WALC,1171
2024-04-12T02,Western Area Power Administration - Rocky Mountain Region,WACM,3520
2024-04-12T02,Idaho Power Company,IPCO,1647
2024-04-12T02,"Midcontinent Independent System Operator, Inc.",MISO,68285
2024-04-12T02,"Associated Electric Cooperative, Inc.",AECI,2091
2024-04-12T01,Tampa Electric Company,TEC,2667
2024-04-12T01,California Independent System Operator,CISO,23133
2024-04-12T01,Seminole Electric Cooperative,SEC,241
2024-04-12T01,"Midcontinent Independent System Operator, Inc.",MISO,67784
2024-04-12T01,"City of Tacoma, Department of Public Utilities, Light Division",TPWR,543
2024-04-12T01,Florida Municipal Power Pool,FMPP,2267
2024-04-12T01,"PJM Interconnection, LLC",PJM,87640
2024-04-12T01,Arizona Public Service Company,AZPS,3829
2024-04-12T01,Tucson Electric Power,TEPC,1489.88
2024-04-12T01,Florida Power & Light Co.,FPL,18897
2024-04-12T01,NorthWestern Corporation,NWMT,1275
2024-04-12T01,Gainesville Regional Utilities,GVL,260
2024-04-12T01,Public Service Company of Colorado,PSCO,4727
2024-04-12T01,Louisville Gas and Electric Company and Kentucky Utilities Company,LGEE,4007
2024-04-12T01,Turlock Irrigation District,TIDC,359
2024-04-12T01,New York Independent System Operator,NYIS,16741
2024-04-12T01,PUD No. 1 of Douglas County,DOPD,225
2024-04-12T01,JEA,JEA,1568
2024-04-12T01,Southwestern Power Administration,SPA,23
2024-04-12T01,Los Angeles Department of Water and Power,LDWP,175
2024-04-12T01,"Associated Electric Cooperative, Inc.",AECI,2035
2024-04-12T01,Public Utility District No. 1 of Chelan County,CHPD,176
2024-04-12T01,Bonneville Power Administration,BPAT,6435
2024-04-12T01,Southwest Power Pool,SWPP,29021
2024-04-12T01,Imperial Irrigation District,IID,538
2024-04-12T01,South Carolina Public Service Authority,SC,2763
2024-04-12T01,Western Area Power Administration - Rocky Mountain Region,WACM,3466
2024-04-12T01,Seattle City Light,SCL,1095
2024-04-12T01,El Paso Electric Company,EPE,1013
2024-04-12T01,Avista Corporation,AVA,1391
2024-04-12T01,"Southern Company Services, Inc. - Trans",SOCO,24458
2024-04-12T01,Portland General Electric Company,PGE,2510
2024-04-12T01,Public Service Company of New Mexico,PNM,1478
2024-04-12T01,ISO New England,ISNE,13490
2024-04-12T01,City of Tallahassee,TAL,333
2024-04-12T01,Salt River Project Agricultural Improvement and Power District,SRP,4061
2024-04-12T01,City of Homestead,HST,98
2024-04-12T01,"Electric Reliability Council of Texas, Inc.",ERCO,47429
2024-04-12T01,"Dominion Energy South Carolina, Inc.",SCEG,2775
2024-04-12T01,Western Area Power Administration - Desert Southwest Region,WALC,1114
2024-04-12T01,Tennessee Valley Authority,TVA,16546.43
2024-04-12T01,Balancing Authority of Northern California,BANC,2131
2024-04-12T01,Nevada Power Company,NEVP,4375
2024-04-12T01,Idaho Power Company,IPCO,1624
2024-04-12T00,Portland General Electric Company,PGE,2437
2024-04-12T00,Arizona Public Service Company,AZPS,3468
2024-04-12T00,PUD No. 1 of Douglas County,DOPD,226
2024-04-12T00,City of Homestead,HST,97
2024-04-12T00,Florida Power & Light Co.,FPL,19109
2024-04-12T00,Avista Corporation,AVA,1373
2024-04-12T00,"Midcontinent Independent System Operator, Inc.",MISO,67371
2024-04-12T00,Nevada Power Company,NEVP,4287
2024-04-12T00,Southwestern Power Administration,SPA,21
2024-04-12T00,Western Area Power Administration - Desert Southwest Region,WALC,1205
2024-04-12T00,South Carolina Public Service Authority,SC,2738
2024-04-12T00,Southwest Power Pool,SWPP,29017
2024-04-12T00,Idaho Power Company,IPCO,1605
2024-04-12T00,Imperial Irrigation District,IID,528
2024-04-12T00,Bonneville Power Administration,BPAT,6318
2024-04-12T00,Public Service Company of Colorado,PSCO,4787
2024-04-12T00,Seattle City Light,SCL,1064
2024-04-12T00,Tucson Electric Power,TEPC,1413.23
2024-04-12T00,"Dominion Energy South Carolina, Inc.",SCEG,2770
2024-04-12T00,NorthWestern Corporation,NWMT,1281
2024-04-12T00,Tampa Electric Company,TEC,2689
2024-04-12T00,Seminole Electric Cooperative,SEC,250
2024-04-12T00,Balancing Authority of Northern California,BANC,2049
2024-04-12T00,"Electric Reliability Council of Texas, Inc.",ERCO,49407
2024-04-12T00,New York Independent System Operator,NYIS,16990
2024-04-12T00,Public Service Company of New Mexico,PNM,1420
2024-04-12T00,Tennessee Valley Authority,TVA,16126.48
2024-04-12T00,Public Utility District No. 1 of Chelan County,CHPD,174
2024-04-12T00,Gainesville Regional Utilities,GVL,260
2024-04-12T00,"Southern Company Services, Inc. - Trans",SOCO,24190
2024-04-12T00,Salt River Project Agricultural Improvement and Power District,SRP,3921
2024-04-12T00,Louisville Gas and Electric Company and Kentucky Utilities Company,LGEE,3939
2024-04-12T00,Western Area Power Administration - Rocky Mountain Region,WACM,3491
2024-04-12T00,"City of Tacoma, Department of Public Utilities, Light Division",TPWR,529
2024-04-12T00,"Associated Electric Cooperative, Inc.",AECI,1972
2024-04-12T00,Turlock Irrigation District,TIDC,346
2024-04-12T00,City of Tallahassee,TAL,333
2024-04-12T00,El Paso Electric Company,EPE,999
2024-04-12T00,Florida Municipal Power Pool,FMPP,2290
2024-04-12T00,California Independent System Operator,CISO,21738
2024-04-12T00,ISO New England,ISNE,13855
2024-04-12T00,Los Angeles Department of Water and Power,LDWP,137
2024-04-12T00,JEA,JEA,1589
2024-04-12T00,"PJM Interconnection, LLC",PJM,87218
2024-04-11T23,New York Independent System Operator,NYIS,16950
2024-04-11T23,Southwest Power Pool,SWPP,28960
2024-04-11T23,California Independent System Operator,CISO,21013
2024-04-11T23,El Paso Electric Company,EPE,958
2024-04-11T23,City of Homestead,HST,98
2024-04-11T23,Louisville Gas and Electric Company and Kentucky Utilities Company,LGEE,3969
2024-04-11T23,"PJM Interconnection, LLC",PJM,86885
2024-04-11T23,"Electric Reliability Council of Texas, Inc.",ERCO,49544
2024-04-11T23,Bonneville Power Administration,BPAT,6278
2024-04-11T23,Portland General Electric Company,PGE,2351
2024-04-11T23,Seattle City Light,SCL,1051
2024-04-11T23,"City of Tacoma, Department of Public Utilities, Light Division",TPWR,513
2024-04-11T23,Western Area Power Administration - Rocky Mountain Region,WACM,3478
2024-04-11T23,"Midcontinent Independent System Operator, Inc.",MISO,66994
2024-04-11T23,City of Tallahassee,TAL,348
2024-04-11T23,Gainesville Regional Utilities,GVL,265
2024-04-11T23,Balancing Authority of Northern California,BANC,2018
2024-04-11T23,Florida Municipal Power Pool,FMPP,2383
2024-04-11T23,South Carolina Public Service Authority,SC,2754
2024-04-11T23,Seminole Electric Cooperative,SEC,260
2024-04-11T23,Idaho Power Company,IPCO,1565
2024-04-11T23,"Southern Company Services, Inc. - Trans",SOCO,23739
2024-04-11T23,Los Angeles Department of Water and Power,LDWP,138
2024-04-11T23,Tampa Electric Company,TEC,2752
2024-04-11T23,Avista Corporation,AVA,1362
2024-04-11T23,Western Area Power Administration - Desert Southwest Region,WALC,1155
2024-04-11T23,Public Service Company of New Mexico,PNM,1339
2024-04-11T23,Public Service Company of Colorado,PSCO,4573
2024-04-11T23,JEA,JEA,1657
2024-04-11T23,Tennessee Valley Authority,TVA,16059.68
2024-04-11T23,Turlock Irrigation District,TIDC,334
2024-04-11T23,ISO New England,ISNE,13756
2024-04-11T23,Nevada Power Company,NEVP,4080
2024-04-11T23,Southwestern Power Administration,SPA,28
2024-04-11T23,Tucson Electric Power,TEPC,1306.89
2024-04-11T23,Arizona Public Service Company,AZPS,3168
2024-04-11T23,"Associated Electric Cooperative, Inc.",AECI,1942
2024-04-11T23,Florida Power & Light Co.,FPL,19613
2024-04-11T23,Public Utility District No. 1 of Chelan County,CHPD,168
2024-04-11T23,Salt River Project Agricultural Improvement and Power District,SRP,3711
2024-04-11T23,NorthWestern Corporation,NWMT,1278
2024-04-11T23,"Dominion Energy South Carolina, Inc.",SCEG,2907
2024-04-11T23,Imperial Irrigation District,IID,514
2024-04-11T23,PUD No. 1 of Douglas County,DOPD,223
2024-04-11T22,City of Tallahassee,TAL,366
2024-04-11T22,New York Independent System Operator,NYIS,16827
2024-04-11T22,South Carolina Public Service Authority,SC,2709
2024-04-11T22,"Midcontinent Independent System Operator, Inc.",MISO,66687
2024-04-11T22,Southwestern Power Administration,SPA,24
2024-04-11T22,"PJM Interconnection, LLC",PJM,86651
2024-04-11T22,JEA,JEA,1691
2024-04-11T22,Tampa Electric Company,TEC,2753
2024-04-11T22,Bonneville Power Administration,BPAT,6311
2024-04-11T22,"City of Tacoma, Department of Public Utilities, Light Division",TPWR,523
2024-04-11T22,PUD No. 1 of Douglas County,DOPD,224
2024-04-11T22,Avista Corporation,AVA,1388
2024-04-11T22,Los Angeles Department of Water and Power,LDWP,124
2024-04-11T22,Western Area Power Administration - Desert Southwest Region,WALC,1134
2024-04-11T22,Seattle City Light,SCL,1069
2024-04-11T22,Public Utility District No. 1 of Chelan County,CHPD,177
2024-04-11T22,"Dominion Energy South Carolina, Inc.",SCEG,3018
2024-04-11T22,Portland General Electric Company,PGE,2279
2024-04-11T22,Arizona Public Service Company,AZPS,2885
2024-04-11T22,Public Service Company of Colorado,PSCO,4520
2024-04-11T22,Tennessee Valley Authority,TVA,16079.88
2024-04-11T22,Florida Municipal Power Pool,FMPP,2394
2024-04-11T22,Gainesville Regional Utilities,GVL,274
2024-04-11T22,ISO New England,ISNE,13495
2024-04-11T22,Turlock Irrigation District,TIDC,326
2024-04-11T22,Western Area Power Administration - Rocky Mountain Region,WACM,3429
2024-04-11T22,"Electric Reliability Council of Texas, Inc.",ERCO,48587
2024-04-11T22,"Associated Electric Cooperative, Inc.",AECI,1888
2024-04-11T22,Florida Power & Light Co.,FPL,20093
2024-04-11T22,Salt River Project Agricultural Improvement and Power District,SRP,3518
2024-04-11T22,Balancing Authority of Northern California,BANC,1889
2024-04-11T22,Louisville Gas and Electric Company and Kentucky Utilities Company,LGEE,3818
2024-04-11T22,Tucson Electric Power,TEPC,1138.42
2024-04-11T22,Imperial Irrigation District,IID,480
2024-04-11T22,Idaho Power Company,IPCO,1531
2024-04-11T22,Southwest Power Pool,SWPP,28986
2024-04-11T22,City of Homestead,HST,98
2024-04-11T22,Public Service Company of New Mexico,PNM,1283
2024-04-11T22,El Paso Electric Company,EPE,895
2024-04-11T22,California Independent System Operator,CISO,20596
2024-04-11T22,"Southern Company Services, Inc. - Trans",SOCO,23357
2024-04-11T22,Nevada Power Company,NEVP,4095
2024-04-11T22,NorthWestern Corporation,NWMT,1270
2024-04-11T22,Seminole Electric Cooperative,SEC,278
2024-04-11T21,Public Service Company of New Mexico,PNM,1244
2024-04-11T21,City of Tallahassee,TAL,367
2024-04-11T21,"Southern Company Services, Inc. - Trans",SOCO,23414
2024-04-11T21,Turlock Irrigation District,TIDC,316
2024-04-11T21,Tucson Electric Power,TEPC,1073.55
2024-04-11T21,"Dominion Energy South Carolina, Inc.",SCEG,3019
2024-04-11T21,Tennessee Valley Authority,TVA,16149.53
2024-04-11T21,Florida Power & Light Co.,FPL,20260
2024-04-11T21,Nevada Power Company,NEVP,4020
2024-04-11T21,South Carolina Public Service Authority,SC,2643
2024-04-11T21,JEA,JEA,1692
2024-04-11T21,Louisville Gas and Electric Company and Kentucky Utilities Company,LGEE,3859
2024-04-11T21,Avista Corporation,AVA,1413
2024-04-11T21,Salt River Project Agricultural Improvement and Power District,SRP,3335
2024-04-11T21,"PJM Interconnection, LLC",PJM,86244
2024-04-11T21,Portland General Electric Company,PGE,2309
2024-04-11T21,"City of Tacoma, Department of Public Utilities, Light Division",TPWR,530
2024-04-11T21,Arizona Public Service Company,AZPS,2679
2024-04-11T21,Public Utility District No. 1 of Chelan County,CHPD,179
2024-04-11T21,Seattle City Light,SCL,1094
2024-04-11T21,"Electric Reliability Council of Texas, Inc.",ERCO,47141
2024-04-11T21,Western Area Power Administration - Desert Southwest Region,WALC,1057
2024-04-11T21,City of Homestead,HST,95
2024-04-11T21,Bonneville Power Administration,BPAT,6397
2024-04-11T21,ISO New England,ISNE,13028
2024-04-11T21,Gainesville Regional Utilities,GVL,267
2024-04-11T21,"Midcontinent Independent System Operator, Inc.",MISO,66627
2024-04-11T21,Western Area Power Administration - Rocky Mountain Region,WACM,3460
2024-04-11T21,PUD No. 1 of Douglas County,DOPD,228
2024-04-11T21,California Independent System Operator,CISO,20347
2024-04-11T21,Southwestern Power Administration,SPA,20
2024-04-11T21,Tampa Electric Company,TEC,2656
2024-04-11T21,El Paso Electric Company,EPE,845
2024-04-11T21,Los Angeles Department of Water and Power,LDWP,137
2024-04-11T21,Imperial Irrigation District,IID,455
2024-04-11T21,NorthWestern Corporation,NWMT,1267
2024-04-11T21,Public Service Company of Colorado,PSCO,4365
2024-04-11T21,Idaho Power Company,IPCO,1531
2024-04-11T21,Florida Municipal Power Pool,FMPP,2350
2024-04-11T21,New York Independent System Operator,NYIS,16385
2024-04-11T21,Balancing Authority of Northern California,BANC,1841
2024-04-11T21,Seminole Electric Cooperative,SEC,270
2024-04-11T21,Southwest Power Pool,SWPP,29031
2024-04-11T21,"Associated Electric Cooperative, Inc.",AECI,1862
2024-04-11T20,"Associated Electric Cooperative, Inc.",AECI,1858
2024-04-11T20,Florida Municipal Power Pool,FMPP,2346
2024-04-11T20,Seminole Electric Cooperative,SEC,250
2024-04-11T20,ISO New England,ISNE,12695
2024-04-11T20,Western Area Power Administration - Desert Southwest Region,WALC,1041
2024-04-11T20,"Southern Company Services, Inc. - Trans",SOCO,23130
2024-04-11T20,Turlock Irrigation District,TIDC,302
2024-04-11T20,Portland General Electric Company,PGE,2355
2024-04-11T20,Avista Corporation,AVA,1436
2024-04-11T20,Tampa Electric Company,TEC,2543
2024-04-11T20,Balancing Authority of Northern California,BANC,1767
2024-04-11T20,"PJM Interconnection, LLC",PJM,85902
2024-04-11T20,Florida Power & Light Co.,FPL,20191
2024-04-11T20,Tennessee Valley Authority,TVA,16228.59
2024-04-11T20,California Independent System Operator,CISO,20473
2024-04-11T20,Louisville Gas and Electric Company and Kentucky Utilities Company,LGEE,4079
2024-04-11T20,Arizona Public Service Company,AZPS,2553
2024-04-11T20,Imperial Irrigation District,IID,417
2024-04-11T20,"Midcontinent Independent System Operator, Inc.",MISO,66726
2024-04-11T20,"Electric Reliability Council of Texas, Inc.",ERCO,46118
2024-04-11T20,South Carolina Public Service Authority,SC,2581
2024-04-11T20,Public Service Company of Colorado,PSCO,4370
2024-04-11T20,Idaho Power Company,IPCO,1529
2024-04-11T20,El Paso Electric Company,EPE,803
2024-04-11T20,Public Service Company of New Mexico,PNM,1223
2024-04-11T20,Los Angeles Department of Water and Power,LDWP,131
2024-04-11T20,Southwestern Power Administration,SPA,30
2024-04-11T20,"City of Tacoma, Department of Public Utilities, Light Division",TPWR,534
2024-04-11T20,PUD No. 1 of Douglas County,DOPD,234
2024-04-11T20,City of Tallahassee,TAL,365
2024-04-11T20,Seattle City Light,SCL,1073
2024-04-11T20,JEA,JEA,1650
2024-04-11T20,Western Area Power Administration - Rocky Mountain Region,WACM,3493
2024-04-11T20,New York Independent System Operator,NYIS,15935
2024-04-11T20,NorthWestern Corporation,NWMT,1281
2024-04-11T20,Bonneville Power Administration,BPAT,6433
2024-04-11T20,Tucson Electric Power,TEPC,990.72
2024-04-11T20,Salt River Project Agricultural Improvement and Power District,SRP,3177
2024-04-11T20,Gainesville Regional Utilities,GVL,256
2024-04-11T20,"Dominion Energy South Carolina, Inc.",SCEG,2880
2024-04-11T20,Public Utility District No. 1 of Chelan County,CHPD,184
2024-04-11T20,Nevada Power Company,NEVP,4109
2024-04-11T20,City of Homestead,HST,91
2024-04-11T20,Southwest Power Pool,SWPP,29292
2024-04-11T19,Avista Corporation,AVA,1477
2024-04-11T19,Los Angeles Department of Water and Power,LDWP,121
2024-04-11T19,"Dominion Energy South Carolina, Inc.",SCEG,2642
2024-04-11T19,"Electric Reliability Council of Texas, Inc.",ERCO,45026
2024-04-11T19,PUD No. 1 of Douglas County,DOPD,241
2024-04-11T19,"Midcontinent Independent System Operator, Inc.",MISO,67338
2024-04-11T19,Balancing Authority of Northern California,BANC,1742
2024-04-11T19,Florida Municipal Power Pool,FMPP,2399
2024-04-11T19,New York Independent System Operator,NYIS,15899
2024-04-11T19,Portland General Electric Company,PGE,2365
2024-04-11T19,Seattle City Light,SCL,1078
2024-04-11T19,City of Homestead,HST,89
2024-04-11T19,Tucson Electric Power,TEPC,967.41
2024-04-11T19,Florida Power & Light Co.,FPL,20027
2024-04-11T19,Idaho Power Company,IPCO,1551
2024-04-11T19,NorthWestern Corporation,NWMT,1327
2024-04-11T19,Arizona Public Service Company,AZPS,2584
2024-04-11T19,Gainesville Regional Utilities,GVL,256
2024-04-11T19,Bonneville Power Administration,BPAT,6559
2024-04-11T19,"PJM Interconnection, LLC",PJM,85679
2024-04-11T19,California Independent System Operator,CISO,21215
2024-04-11T19,Louisville Gas and Electric Company and Kentucky Utilities Company,LGEE,4107
2024-04-11T19,"Associated Electric Cooperative, Inc.",AECI,1874
2024-04-11T19,Nevada Power Company,NEVP,4014
2024-04-11T19,South Carolina Public Service Authority,SC,2534
2024-04-11T19,Seminole Electric Cooperative,SEC,237
2024-04-11T19,Public Utility District No. 1 of Chelan County,CHPD,196
2024-04-11T19,Tennessee Valley Authority,TVA,16422.34
2024-04-11T19,Salt River Project Agricultural Improvement and Power District,SRP,3044
2024-04-11T19,City of Tallahassee,TAL,358
2024-04-11T19,Turlock Irrigation District,TIDC,296
2024-04-11T19,Western Area Power Administration - Rocky Mountain Region,WACM,3423
2024-04-11T19,"City of Tacoma, Department of Public Utilities, Light Division",TPWR,536
2024-04-11T19,Public Service Company of Colorado,PSCO,4335
2024-04-11T19,ISO New England,ISNE,12792
2024-04-11T19,Imperial Irrigation District,IID,397
2024-04-11T19,Public Service Company of New Mexico,PNM,1239
2024-04-11T19,Southwestern Power Administration,SPA,29
2024-04-11T19,El Paso Electric Company,EPE,782
2024-04-11T19,"Southern Company Services, Inc. - Trans",SOCO,22970
2024-04-11T19,Southwest Power Pool,SWPP,29511
2024-04-11T19,Tampa Electric Company,TEC,2559
2024-04-11T19,Western Area Power Administration - Desert Southwest Region,WALC,1007
2024-04-11T19,JEA,JEA,1568
2024-04-11T18,Salt River Project Agricultural Improvement and Power District,SRP,2972
2024-04-11T18,Tennessee Valley Authority,TVA,16595.44
2024-04-11T18,"PJM Interconnection, LLC",PJM,86056
2024-04-11T18,California Independent System Operator,CISO,21869
2024-04-11T18,Florida Municipal Power Pool,FMPP,2432
2024-04-11T18,Gainesville Regional Utilities,GVL,247
2024-04-11T18,Los Angeles Department of Water and Power,LDWP,104
2024-04-11T18,Portland General Electric Company,PGE,2436
2024-04-11T18,Seattle City Light,SCL,1099
2024-04-11T18,Public Service Company of New Mexico,PNM,1250
2024-04-11T18,Southwest Power Pool,SWPP,29667
2024-04-11T18,Tucson Electric Power,TEPC,1048.95
2024-04-11T18,Tampa Electric Company,TEC,2692
2024-04-11T18,Avista Corporation,AVA,1511
2024-04-11T18,New York Independent System Operator,NYIS,15890
2024-04-11T18,Public Service Company of Colorado,PSCO,4469
2024-04-11T18,Nevada Power Company,NEVP,3877
2024-04-11T18,City of Tallahassee,TAL,346
2024-04-11T18,Idaho Power Company,IPCO,1596
2024-04-11T18,Balancing Authority of Northern California,BANC,1719
2024-04-11T18,Western Area Power Administration - Rocky Mountain Region,WACM,3492
2024-04-11T18,PUD No. 1 of Douglas County,DOPD,252
2024-04-11T18,Turlock Irrigation District,TIDC,294
2024-04-11T18,Bonneville Power Administration,BPAT,6823
2024-04-11T18,Imperial Irrigation District,IID,345
2024-04-11T18,Arizona Public Service Company,AZPS,2633
2024-04-11T18,Louisville Gas and Electric Company and Kentucky Utilities Company,LGEE,4019
2024-04-11T18,"Midcontinent Independent System Operator, Inc.",MISO,67212
2024-04-11T18,NorthWestern Corporation,NWMT,1329
2024-04-11T18,El Paso Electric Company,EPE,766
2024-04-11T18,City of Homestead,HST,87
2024-04-11T18,"Electric Reliability Council of Texas, Inc.",ERCO,44103
2024-04-11T18,ISO New England,ISNE,13128
2024-04-11T18,"Southern Company Services, Inc. - Trans",SOCO,22627
2024-04-11T18,Public Utility District No. 1 of Chelan County,CHPD,215
2024-04-11T18,Seminole Electric Cooperative,SEC,213
2024-04-11T18,JEA,JEA,1490
2024-04-11T18,"Associated Electric Cooperative, Inc.",AECI,1918
2024-04-11T18,Florida Power & Light Co.,FPL,19832
2024-04-11T18,Southwestern Power Administration,SPA,23
2024-04-11T18,"City of Tacoma, Department of Public Utilities, Light Division",TPWR,556
2024-04-11T18,South Carolina Public Service Authority,SC,2518
2024-04-11T18,Western Area Power Administration - Desert Southwest Region,WALC,997
2024-04-11T18,"Dominion Energy South Carolina, Inc.",SCEG,2586