BA Code,BA Name,Directly Interconnected BA Code,Directly Interconnected BA Name,Country of Foreign Directly Interconnected BA,Active Connection,Activation Date,Retirement Date
AEC,PowerSouth Energy Cooperative,MISO,"Midcontinent Independent System Operator, Inc.",,No,,9/1/2021
AEC,PowerSouth Energy Cooperative,SOCO,"Southern Company Services, Inc. - Trans",,No,,9/1/2021
AECI,"Associated Electric Cooperative, Inc.",MISO,"Midcontinent Independent System Operator, Inc.",,Yes,,
AECI,"Associated Electric Cooperative, Inc.",SPA,Southwestern Power Administration,,Yes,,
AECI,"Associated Electric Cooperative, Inc.",SWPP,Southwest Power Pool,,Yes,,
AECI,"Associated Electric Cooperative, Inc.",TVA,Tennessee Valley Authority,,Yes,,
AECI,"Associated Electric Cooperative, Inc.",WAUE,Western Area Power Administration - Upper Great Plains East,,No,,10/1/2015
AVA,Avista Corporation,BPAT,Bonneville Power Administration,,Yes,,
AVA,Avista Corporation,CHPD,Public Utility District No. 1 of Chelan County,,Yes,,
AVA,Avista Corporation,GCPD,"Public Utility District No. 2 of Grant County, Washington",,Yes,,
AVA,Avista Corporation,IPCO,Idaho Power Company,,Yes,,
AVA,Avista Corporation,NWMT,NorthWestern Corporation,,Yes,,
AVA,Avista Corporation,PACW,PacifiCorp West,,Yes,,
AVRN,"Avangrid Renewables, LLC",BPAT,Bonneville Power Administration,,Yes,7/31/2018,
AVRN,"Avangrid Renewables, LLC",PACW,PacifiCorp West,,Yes,4/2/2019,
AZPS,Arizona Public Service Company,CISO,California Independent System Operator,,Yes,,
AZPS,Arizona Public Service Company,GRMA,"Gila River Power, LLC",,No,,5/3/2018
AZPS,Arizona Public Service Company,IID,Imperial Irrigation District,,Yes,,
AZPS,Arizona Public Service Company,LDWP,Los Angeles Department of Water and Power,,Yes,,
AZPS,Arizona Public Service Company,PACE,PacifiCorp East,,Yes,,
AZPS,Arizona Public Service Company,PNM,Public Service Company of New Mexico,,Yes,,
AZPS,Arizona Public Service Company,SRP,Salt River Project Agricultural Improvement and Power District,,Yes,,
AZPS,Arizona Public Service Company,TEPC,Tucson Electric Power,,Yes,,
AZPS,Arizona Public Service Company,WACM,Western Area Power Administration - Rocky Mountain Region,,Yes,,
AZPS,Arizona Public Service Company,WALC,Western Area Power Administration - Desert Southwest Region,,Yes,,
BANC,Balancing Authority of Northern California,BPAT,Bonneville Power Administration,,Yes,,
BANC,Balancing Authority of Northern California,CISO,California Independent System Operator,,Yes,,
BANC,Balancing Authority of Northern California,TIDC,Turlock Irrigation District,,Yes,,
BPAT,Bonneville Power Administration,AVA,Avista Corporation,,Yes,,
BPAT,Bonneville Power Administration,AVRN,"Avangrid Renewables, LLC",,Yes,7/31/2018,
BPAT,Bonneville Power Administration,BANC,Balancing Authority of Northern California,,Yes,,
BPAT,Bonneville Power Administration,BCHA,British Columbia Hydro and Power Authority,Canada,Yes,,
BPAT,Bonneville Power Administration,CHPD,Public Utility District No. 1 of Chelan County,,Yes,,
BPAT,Bonneville Power Administration,CISO,California Independent System Operator,,Yes,,
BPAT,Bonneville Power Administration,DOPD,PUD No. 1 of Douglas County,,Yes,,
BPAT,Bonneville Power Administration,GCPD,"Public Utility District No. 2 of Grant County, Washington",,Yes,,
BPAT,Bonneville Power Administration,GRID,"Gridforce Energy Management, LLC",,Yes,,
BPAT,Bonneville Power Administration,IPCO,Idaho Power Company,,Yes,,
BPAT,Bonneville Power Administration,LDWP,Los Angeles Department of Water and Power,,Yes,,
BPAT,Bonneville Power Administration,NEVP,Nevada Power Company,,Yes,,
BPAT,Bonneville Power Administration,NWMT,NorthWestern Corporation,,Yes,,
BPAT,Bonneville Power Administration,PACW,PacifiCorp West,,Yes,,
BPAT,Bonneville Power Administration,PGE,Portland General Electric Company,,Yes,,
BPAT,Bonneville Power Administration,PSEI,"Puget Sound Energy, Inc.",,Yes,,
BPAT,Bonneville Power Administration,SCL,Seattle City Light,,Yes,,
BPAT,Bonneville Power Administration,TPWR,"City of Tacoma, Department of Public Utilities, Light Division",,Yes,,
CHPD,Public Utility District No. 1 of Chelan County,AVA,Avista Corporation,,Yes,,
CHPD,Public Utility District No. 1 of Chelan County,BPAT,Bonneville Power Administration,,Yes,,
CHPD,Public Utility District No. 1 of Chelan County,DOPD,PUD No. 1 of Douglas County,,Yes,,
CHPD,Public Utility District No. 1 of Chelan County,PSEI,"Puget Sound Energy, Inc.",,Yes,,
CISO,California Independent System Operator,AZPS,Arizona Public Service Company,,Yes,,
CISO,California Independent System Operator,BANC,Balancing Authority of Northern California,,Yes,,
CISO,California Independent System Operator,BPAT,Bonneville Power Administration,,Yes,,
CISO,California Independent System Operator,CEN,Centro Nacional de Control de Energia,Mexico,Yes,7/1/2018,
CISO,California Independent System Operator,CFE,Comision Federal de Electricidad,Mexico,No,,7/1/2018
CISO,California Independent System Operator,IID,Imperial Irrigation District,,Yes,,
CISO,California Independent System Operator,LDWP,Los Angeles Department of Water and Power,,Yes,,
CISO,California Independent System Operator,NEVP,Nevada Power Company,,Yes,,
CISO,California Independent System Operator,PACW,PacifiCorp West,,Yes,,
CISO,California Independent System Operator,SRP,Salt River Project Agricultural Improvement and Power District,,Yes,,
CISO,California Independent System Operator,TIDC,Turlock Irrigation District,,Yes,,
CISO,California Independent System Operator,WALC,Western Area Power Administration - Desert Southwest Region,,Yes,,
CPLE,Duke Energy Progress East,DUK,Duke Energy Carolinas,,Yes,,
CPLE,Duke Energy Progress East,PJM,"PJM Interconnection, LLC",,Yes,,
CPLE,Duke Energy Progress East,SC,South Carolina Public Service Authority,,Yes,,
CPLE,Duke Energy Progress East,SCEG,"Dominion Energy South Carolina, Inc.",,Yes,,
CPLE,Duke Energy Progress East,YAD,"Alcoa Power Generating, Inc. - Yadkin Division",,Yes,,
CPLW,Duke Energy Progress West,DUK,Duke Energy Carolinas,,Yes,,
CPLW,Duke Energy Progress West,PJM,"PJM Interconnection, LLC",,Yes,,
CPLW,Duke Energy Progress West,TVA,Tennessee Valley Authority,,Yes,,
DEAA,"Arlington Valley, LLC",SRP,Salt River Project Agricultural Improvement and Power District,,Yes,,
DOPD,PUD No. 1 of Douglas County,BPAT,Bonneville Power Administration,,Yes,,
DOPD,PUD No. 1 of Douglas County,CHPD,Public Utility District No. 1 of Chelan County,,Yes,,
DUK,Duke Energy Carolinas,CPLE,Duke Energy Progress East,,Yes,,
DUK,Duke Energy Carolinas,CPLW,Duke Energy Progress West,,Yes,,
DUK,Duke Energy Carolinas,PJM,"PJM Interconnection, LLC",,Yes,,
DUK,Duke Energy Carolinas,SC,South Carolina Public Service Authority,,Yes,,
DUK,Duke Energy Carolinas,SCEG,"Dominion Energy South Carolina, Inc.",,Yes,,
DUK,Duke Energy Carolinas,SEPA,Southeastern Power Administration,,Yes,,
DUK,Duke Energy Carolinas,SOCO,"Southern Company Services, Inc. - Trans",,Yes,,
DUK,Duke Energy Carolinas,TVA,Tennessee Valley Authority,,Yes,,
DUK,Duke Energy Carolinas,YAD,"Alcoa Power Generating, Inc. - Yadkin Division",,Yes,,
EEI,"Electric Energy, Inc.",LGEE,Louisville Gas and Electric Company and Kentucky Utilities Company,,No,,2/29/2020
EEI,"Electric Energy, Inc.",MISO,"Midcontinent Independent System Operator, Inc.",,No,,2/29/2020
EEI,"Electric Energy, Inc.",TVA,Tennessee Valley Authority,,No,,2/29/2020
EPE,El Paso Electric Company,PNM,Public Service Company of New Mexico,,Yes,,
EPE,El Paso Electric Company,SWPP,Southwest Power Pool,,Yes,,
EPE,El Paso Electric Company,TEPC,Tucson Electric Power,,Yes,,
ERCO,"Electric Reliability Council of Texas, Inc.",CEN,Centro Nacional de Control de Energia,Mexico,Yes,10/31/2017,
ERCO,"Electric Reliability Council of Texas, Inc.",CFE,Comision Federal de Electricidad,Mexico,No,,10/31/2017
ERCO,"Electric Reliability Council of Texas, Inc.",SWPP,Southwest Power Pool,,Yes,,
FMPP,Florida Municipal Power Pool,FPC,"Duke Energy Florida, Inc.",,Yes,,
FMPP,Florida Municipal Power Pool,FPL,Florida Power & Light Co.,,Yes,,
FMPP,Florida Municipal Power Pool,JEA,JEA,,Yes,,
FMPP,Florida Municipal Power Pool,TEC,Tampa Electric Company,,Yes,,
FPC,"Duke Energy Florida, Inc.",FMPP,Florida Municipal Power Pool,,Yes,,
FPC,"Duke Energy Florida, Inc.",FPL,Florida Power & Light Co.,,Yes,,
FPC,"Duke Energy Florida, Inc.",GVL,Gainesville Regional Utilities,,Yes,,
FPC,"Duke Energy Florida, Inc.",NSB,Utilities Commission of New Smyrna Beach,,No,,1/8/2020
FPC,"Duke Energy Florida, Inc.",SEC,Seminole Electric Cooperative,,Yes,,
FPC,"Duke Energy Florida, Inc.",SOCO,"Southern Company Services, Inc. - Trans",,Yes,,
FPC,"Duke Energy Florida, Inc.",TAL,City of Tallahassee,,Yes,,
FPC,"Duke Energy Florida, Inc.",TEC,Tampa Electric Company,,Yes,,
FPL,Florida Power & Light Co.,FMPP,Florida Municipal Power Pool,,Yes,,
FPL,Florida Power & Light Co.,FPC,"Duke Energy Florida, Inc.",,Yes,,
FPL,Florida Power & Light Co.,GVL,Gainesville Regional Utilities,,Yes,,
FPL,Florida Power & Light Co.,HST,City of Homestead,,Yes,,
FPL,Florida Power & Light Co.,JEA,JEA,,Yes,,
FPL,Florida Power & Light Co.,NSB,Utilities Commission of New Smyrna Beach,,No,,1/8/2020
FPL,Florida Power & Light Co.,SEC,Seminole Electric Cooperative,,Yes,,
FPL,Florida Power & Light Co.,SOCO,"Southern Company Services, Inc. - Trans",,Yes,,
FPL,Florida Power & Light Co.,TEC,Tampa Electric Company,,Yes,,
GCPD,"Public Utility District No. 2 of Grant County, Washington",AVA,Avista Corporation,,Yes,,
GCPD,"Public Utility District No. 2 of Grant County, Washington",BPAT,Bonneville Power Administration,,Yes,,
GCPD,"Public Utility District No. 2 of Grant County, Washington",PACW,PacifiCorp West,,Yes,,
GCPD,"Public Utility District No. 2 of Grant County, Washington",PSEI,"Puget Sound Energy, Inc.",,Yes,,
GLHB,GridLiance,LGEE,Louisville Gas and Electric Company and Kentucky Utilities Company,,No,2/29/2020,9/1/2022
GLHB,GridLiance,MISO,"Midcontinent Independent System Operator, Inc.",,No,2/29/2020,9/1/2022
GRID,"Gridforce Energy Management, LLC",BPAT,Bonneville Power Administration,,Yes,,
GRID,"Gridforce Energy Management, LLC",PNM,Public Service Company of New Mexico,,Yes,1/15/2017,
GRID,"Gridforce Energy Management, LLC",SRP,Salt River Project Agricultural Improvement and Power District,,Yes,12/14/2020,
GRIF,"Griffith Energy, LLC",WALC,Western Area Power Administration - Desert Southwest Region,,Yes,,
GRMA,"Gila River Power, LLC",AZPS,Arizona Public Service Company,,No,,5/3/2018
GVL,Gainesville Regional Utilities,FPC,"Duke Energy Florida, Inc.",,Yes,,
GVL,Gainesville Regional Utilities,FPL,Florida Power & Light Co.,,Yes,,
GWA,"NaturEner Power Watch, LLC",NWMT,NorthWestern Corporation,,Yes,,
HGMA,"New Harquahala Generating Company, LLC",SRP,Salt River Project Agricultural Improvement and Power District,,Yes,,
HST,City of Homestead,FPL,Florida Power & Light Co.,,Yes,,
IID,Imperial Irrigation District,AZPS,Arizona Public Service Company,,Yes,,
IID,Imperial Irrigation District,CISO,California Independent System Operator,,Yes,,
IID,Imperial Irrigation District,WALC,Western Area Power Administration - Desert Southwest Region,,Yes,,
IPCO,Idaho Power Company,AVA,Avista Corporation,,Yes,,
IPCO,Idaho Power Company,BPAT,Bonneville Power Administration,,Yes,,
IPCO,Idaho Power Company,NEVP,Nevada Power Company,,Yes,,
IPCO,Idaho Power Company,NWMT,NorthWestern Corporation,,Yes,,
IPCO,Idaho Power Company,PACE,PacifiCorp East,,Yes,,
IPCO,Idaho Power Company,PACW,PacifiCorp West,,Yes,,
ISNE,ISO New England,HQT,Hydro-Quebec TransEnergie,Canada,Yes,,
ISNE,ISO New England,NBSO,New Brunswick System Operator,Canada,Yes,,
ISNE,ISO New England,NYIS,New York Independent System Operator,,Yes,,
JEA,JEA,FMPP,Florida Municipal Power Pool,,Yes,,
JEA,JEA,FPL,Florida Power & Light Co.,,Yes,,
JEA,JEA,SEC,Seminole Electric Cooperative,,Yes,,
LDWP,Los Angeles Department of Water and Power,AZPS,Arizona Public Service Company,,Yes,,
LDWP,Los Angeles Department of Water and Power,BPAT,Bonneville Power Administration,,Yes,,
LDWP,Los Angeles Department of Water and Power,CISO,California Independent System Operator,,Yes,,
LDWP,Los Angeles Department of Water and Power,NEVP,Nevada Power Company,,Yes,,
LDWP,Los Angeles Department of Water and Power,PACE,PacifiCorp East,,Yes,,
LDWP,Los Angeles Department of Water and Power,WALC,Western Area Power Administration - Desert Southwest Region,,Yes,,
LGEE,Louisville Gas and Electric Company and Kentucky Utilities Company,EEI,"Electric Energy, Inc.",,No,,2/29/2020
LGEE,Louisville Gas and Electric Company and Kentucky Utilities Company,GLHB,GridLiance,,No,2/29/2020,9/1/2022
LGEE,Louisville Gas and Electric Company and Kentucky Utilities Company,MISO,"Midcontinent Independent System Operator, Inc.",,Yes,,
LGEE,Louisville Gas and Electric Company and Kentucky Utilities Company,OVEC,Ohio Valley Electric Corporation,,No,,12/1/2018
LGEE,Louisville Gas and Electric Company and Kentucky Utilities Company,PJM,"PJM Interconnection, LLC",,Yes,,
LGEE,Louisville Gas and Electric Company and Kentucky Utilities Company,TVA,Tennessee Valley Authority,,Yes,,
MISO,"Midcontinent Independent System Operator, Inc.",AEC,PowerSouth Energy Cooperative,,No,,9/1/2021
MISO,"Midcontinent Independent System Operator, Inc.",AECI,"Associated Electric Cooperative, Inc.",,Yes,,
MISO,"Midcontinent Independent System Operator, Inc.",EEI,"Electric Energy, Inc.",,No,,2/29/2020
MISO,"Midcontinent Independent System Operator, Inc.",GLHB,GridLiance,,No,2/29/2020,9/1/2022
MISO,"Midcontinent Independent System Operator, Inc.",IESO,Ontario IESO,Canada,Yes,,
MISO,"Midcontinent Independent System Operator, Inc.",LGEE,Louisville Gas and Electric Company and Kentucky Utilities Company,,Yes,,
MISO,"Midcontinent Independent System Operator, Inc.",MHEB,Manitoba Hydro,Canada,Yes,,
MISO,"Midcontinent Independent System Operator, Inc.",PJM,"PJM Interconnection, LLC",,Yes,,
MISO,"Midcontinent Independent System Operator, Inc.",SOCO,"Southern Company Services, Inc. - Trans",,Yes,,
MISO,"Midcontinent Independent System Operator, Inc.",SPA,Southwestern Power Administration,,Yes,,
MISO,"Midcontinent Independent System Operator, Inc.",SWPP,Southwest Power Pool,,Yes,,
MISO,"Midcontinent Independent System Operator, Inc.",TVA,Tennessee Valley Authority,,Yes,,
MISO,"Midcontinent Independent System Operator, Inc.",WAUE,Western Area Power Administration - Upper Great Plains East,,No,,10/1/2015
NEVP,Nevada Power Company,BPAT,Bonneville Power Administration,,Yes,,
NEVP,Nevada Power Company,CISO,California Independent System Operator,,Yes,,
NEVP,Nevada Power Company,IPCO,Idaho Power Company,,Yes,,
NEVP,Nevada Power Company,LDWP,Los Angeles Department of Water and Power,,Yes,,
NEVP,Nevada Power Company,PACE,PacifiCorp East,,Yes,,
NEVP,Nevada Power Company,WALC,Western Area Power Administration - Desert Southwest Region,,Yes,,
NSB,Utilities Commission of New Smyrna Beach,FPC,"Duke Energy Florida, Inc.",,No,,1/8/2020
NSB,Utilities Commission of New Smyrna Beach,FPL,Florida Power & Light Co.,,No,,1/8/2020
NWMT,NorthWestern Corporation,AESO,Alberta Electric System Operator,Canada,Yes,,
NWMT,NorthWestern Corporation,AVA,Avista Corporation,,Yes,,
NWMT,NorthWestern Corporation,BPAT,Bonneville Power Administration,,Yes,,
NWMT,NorthWestern Corporation,GWA,"NaturEner Power Watch, LLC",,Yes,,
NWMT,NorthWestern Corporation,IPCO,Idaho Power Company,,Yes,,
NWMT,NorthWestern Corporation,PACE,PacifiCorp East,,Yes,,
NWMT,NorthWestern Corporation,WAUW,Western Area Power Administration - Upper Great Plains West,,Yes,,
NWMT,NorthWestern Corporation,WWA,"NaturEner Wind Watch, LLC",,Yes,,
NYIS,New York Independent System Operator,HQT,Hydro-Quebec TransEnergie,Canada,Yes,,
NYIS,New York Independent System Operator,IESO,Ontario IESO,Canada,Yes,,
NYIS,New York Independent System Operator,ISNE,ISO New England,,Yes,,
NYIS,New York Independent System Operator,PJM,"PJM Interconnection, LLC",,Yes,,
OVEC,Ohio Valley Electric Corporation,LGEE,Louisville Gas and Electric Company and Kentucky Utilities Company,,No,,12/1/2018
OVEC,Ohio Valley Electric Corporation,PJM,"PJM Interconnection, LLC",,No,,12/1/2018
PACE,PacifiCorp East,AZPS,Arizona Public Service Company,,Yes,,
PACE,PacifiCorp East,IPCO,Idaho Power Company,,Yes,,
PACE,PacifiCorp East,LDWP,Los Angeles Department of Water and Power,,Yes,,
PACE,PacifiCorp East,NEVP,Nevada Power Company,,Yes,,
PACE,PacifiCorp East,NWMT,NorthWestern Corporation,,Yes,,
PACE,PacifiCorp East,PACW,PacifiCorp West,,No,,7/6/2022
PACE,PacifiCorp East,WACM,Western Area Power Administration - Rocky Mountain Region,,Yes,,
PACW,PacifiCorp West,AVA,Avista Corporation,,Yes,,
PACW,PacifiCorp West,AVRN,"Avangrid Renewables, LLC",,Yes,4/2/2019,
PACW,PacifiCorp West,BPAT,Bonneville Power Administration,,Yes,,
PACW,PacifiCorp West,CISO,California Independent System Operator,,Yes,,
PACW,PacifiCorp West,GCPD,"Public Utility District No. 2 of Grant County, Washington",,Yes,,
PACW,PacifiCorp West,IPCO,Idaho Power Company,,Yes,,
PACW,PacifiCorp West,PACE,PacifiCorp East,,No,,7/6/2022
PACW,PacifiCorp West,PGE,Portland General Electric Company,,Yes,,
PGE,Portland General Electric Company,BPAT,Bonneville Power Administration,,Yes,,
PGE,Portland General Electric Company,PACW,PacifiCorp West,,Yes,,
PJM,"PJM Interconnection, LLC",CPLE,Duke Energy Progress East,,Yes,,
PJM,"PJM Interconnection, LLC",CPLW,Duke Energy Progress West,,Yes,,
PJM,"PJM Interconnection, LLC",DUK,Duke Energy Carolinas,,Yes,,
PJM,"PJM Interconnection, LLC",LGEE,Louisville Gas and Electric Company and Kentucky Utilities Company,,Yes,,
PJM,"PJM Interconnection, LLC",MISO,"Midcontinent Independent System Operator, Inc.",,Yes,,
PJM,"PJM Interconnection, LLC",NYIS,New York Independent System Operator,,Yes,,
PJM,"PJM Interconnection, LLC",OVEC,Ohio Valley Electric Corporation,,No,,12/1/2018
PJM,"PJM Interconnection, LLC",TVA,Tennessee Valley Authority,,Yes,,
PNM,Public Service Company of New Mexico,AZPS,Arizona Public Service Company,,Yes,,
PNM,Public Service Company of New Mexico,EPE,El Paso Electric Company,,Yes,,
PNM,Public Service Company of New Mexico,GRID,"Gridforce Energy Management, LLC",,Yes,1/15/2017,
PNM,Public Service Company of New Mexico,PSCO,Public Service Company of Colorado,,Yes,,
PNM,Public Service Company of New Mexico,SRP,Salt River Project Agricultural Improvement and Power District,,No,,1/1/2017
PNM,Public Service Company of New Mexico,SWPP,Southwest Power Pool,,Yes,,
PNM,Public Service Company of New Mexico,TEPC,Tucson Electric Power,,Yes,,
PNM,Public Service Company of New Mexico,WACM,Western Area Power Administration - Rocky Mountain Region,,Yes,,
PSCO,Public Service Company of Colorado,PNM,Public Service Company of New Mexico,,Yes,,
PSCO,Public Service Company of Colorado,SWPP,Southwest Power Pool,,Yes,,
PSCO,Public Service Company of Colorado,WACM,Western Area Power Administration - Rocky Mountain Region,,Yes,,
PSEI,"Puget Sound Energy, Inc.",BPAT,Bonneville Power Administration,,Yes,,
PSEI,"Puget Sound Energy, Inc.",CHPD,Public Utility District No. 1 of Chelan County,,Yes,,
PSEI,"Puget Sound Energy, Inc.",GCPD,"Public Utility District No. 2 of Grant County, Washington",,Yes,,
PSEI,"Puget Sound Energy, Inc.",SCL,Seattle City Light,,Yes,,
PSEI,"Puget Sound Energy, Inc.",TPWR,"City of Tacoma, Department of Public Utilities, Light Division",,Yes,,
SC,South Carolina Public Service Authority,CPLE,Duke Energy Progress East,,Yes,,
SC,South Carolina Public Service Authority,DUK,Duke Energy Carolinas,,Yes,,
SC,South Carolina Public Service Authority,SCEG,"Dominion Energy South Carolina, Inc.",,Yes,,
SC,South Carolina Public Service Authority,SEPA,Southeastern Power Administration,,Yes,,
SC,South Carolina Public Service Authority,SOCO,"Southern Company Services, Inc. - Trans",,Yes,,
SCEG,"Dominion Energy South Carolina, Inc.",CPLE,Duke Energy Progress East,,Yes,,
SCEG,"Dominion Energy South Carolina, Inc.",DUK,Duke Energy Carolinas,,Yes,,
SCEG,"Dominion Energy South Carolina, Inc.",SC,South Carolina Public Service Authority,,Yes,,
SCEG,"Dominion Energy South Carolina, Inc.",SEPA,Southeastern Power Administration,,Yes,,
SCEG,"Dominion Energy South Carolina, Inc.",SOCO,"Southern Company Services, Inc. - Trans",,Yes,,
SCL,Seattle City Light,BPAT,Bonneville Power Administration,,Yes,,
SCL,Seattle City Light,PSEI,"Puget Sound Energy, Inc.",,Yes,,
SEC,Seminole Electric Cooperative,FPC,"Duke Energy Florida, Inc.",,Yes,,
SEC,Seminole Electric Cooperative,FPL,Florida Power & Light Co.,,Yes,,
SEC,Seminole Electric Cooperative,JEA,JEA,,Yes,,
SEC,Seminole Electric Cooperative,TEC,Tampa Electric Company,,Yes,,
SEPA,Southeastern Power Administration,DUK,Duke Energy Carolinas,,Yes,,
SEPA,Southeastern Power Administration,SC,South Carolina Public Service Authority,,Yes,,
SEPA,Southeastern Power Administration,SCEG,"Dominion Energy South Carolina, Inc.",,Yes,,
SEPA,Southeastern Power Administration,SOCO,"Southern Company Services, Inc. - Trans",,Yes,,
SOCO,"Southern Company Services, Inc. - Trans",AEC,PowerSouth Energy Cooperative,,No,,9/1/2021
SOCO,"Southern Company Services, Inc. - Trans",DUK,Duke Energy Carolinas,,Yes,,
SOCO,"Southern Company Services, Inc. - Trans",FPC,"Duke Energy Florida, Inc.",,Yes,,
SOCO,"Southern Company Services, Inc. - Trans",FPL,Florida Power & Light Co.,,Yes,,
SOCO,"Southern Company Services, Inc. - Trans",MISO,"Midcontinent Independent System Operator, Inc.",,Yes,,
SOCO,"Southern Company Services, Inc. - Trans",SC,South Carolina Public Service Authority,,Yes,,
SOCO,"Southern Company Services, Inc. - Trans",SCEG,"Dominion Energy South Carolina, Inc.",,Yes,,
SOCO,"Southern Company Services, Inc. - Trans",SEPA,Southeastern Power Administration,,Yes,,
SOCO,"Southern Company Services, Inc. - Trans",TAL,City of Tallahassee,,Yes,,
SOCO,"Southern Company Services, Inc. - Trans",TVA,Tennessee Valley Authority,,Yes,,
SPA,Southwestern Power Administration,AECI,"Associated Electric Cooperative, Inc.",,Yes,,
SPA,Southwestern Power Administration,MISO,"Midcontinent Independent System Operator, Inc.",,Yes,,
SPA,Southwestern Power Administration,SWPP,Southwest Power Pool,,Yes,,
SRP,Salt River Project Agricultural Improvement and Power District,AZPS,Arizona Public Service Company,,Yes,,
SRP,Salt River Project Agricultural Improvement and Power District,CISO,California Independent System Operator,,Yes,,
SRP,Salt River Project Agricultural Improvement and Power District,DEAA,"Arlington Valley, LLC",,Yes,,
SRP,Salt River Project Agricultural Improvement and Power District,GRID,"Gridforce Energy Management, LLC",,Yes,12/14/2020,
SRP,Salt River Project Agricultural Improvement and Power District,HGMA,"New Harquahala Generating Company, LLC",,Yes,,
SRP,Salt River Project Agricultural Improvement and Power District,PNM,Public Service Company of New Mexico,,No,,1/1/2017
SRP,Salt River Project Agricultural Improvement and Power District,TEPC,Tucson Electric Power,,Yes,,
SRP,Salt River Project Agricultural Improvement and Power District,WALC,Western Area Power Administration - Desert Southwest Region,,Yes,,
SWPP,Southwest Power Pool,AECI,"Associated Electric Cooperative, Inc.",,Yes,,
SWPP,Southwest Power Pool,EPE,El Paso Electric Company,,Yes,,
SWPP,Southwest Power Pool,ERCO,"Electric Reliability Council of Texas, Inc.",,Yes,,
SWPP,Southwest Power Pool,MISO,"Midcontinent Independent System Operator, Inc.",,Yes,,
SWPP,Southwest Power Pool,PNM,Public Service Company of New Mexico,,Yes,,
SWPP,Southwest Power Pool,PSCO,Public Service Company of Colorado,,Yes,,
SWPP,Southwest Power Pool,SPA,Southwestern Power Administration,,Yes,,
SWPP,Southwest Power Pool,SPC,Saskatchewan Power Corporation,Canada,Yes,10/1/2016,
SWPP,Southwest Power Pool,WACM,Western Area Power Administration - Rocky Mountain Region,,Yes,,
SWPP,Southwest Power Pool,WAUE,Western Area Power Administration - Upper Great Plains East,,No,,10/1/2015
SWPP,Southwest Power Pool,WAUW,Western Area Power Administration - Upper Great Plains West,,Yes,,
TAL,City of Tallahassee,FPC,"Duke Energy Florida, Inc.",,Yes,,
TAL,City of Tallahassee,SOCO,"Southern Company Services, Inc. - Trans",,Yes,,
TEC,Tampa Electric Company,FMPP,Florida Municipal Power Pool,,Yes,,
TEC,Tampa Electric Company,FPC,"Duke Energy Florida, Inc.",,Yes,,
TEC,Tampa Electric Company,FPL,Florida Power & Light Co.,,Yes,,
TEC,Tampa Electric Company,SEC,Seminole Electric Cooperative,,Yes,,
TEPC,Tucson Electric Power,AZPS,Arizona Public Service Company,,Yes,,
TEPC,Tucson Electric Power,EPE,El Paso Electric Company,,Yes,,
TEPC,Tucson Electric Power,PNM,Public Service Company of New Mexico,,Yes,,
TEPC,Tucson Electric Power,SRP,Salt River Project Agricultural Improvement and Power District,,Yes,,
TEPC,Tucson Electric Power,WALC,Western Area Power Administration - Desert Southwest Region,,Yes,,
TIDC,Turlock Irrigation District,BANC,Balancing Authority of Northern California,,Yes,,
TIDC,Turlock Irrigation District,CISO,California Independent System Operator,,Yes,,
TPWR,"City of Tacoma, Department of Public Utilities, Light Division",BPAT,Bonneville Power Administration,,Yes,,
TPWR,"City of Tacoma, Department of Public Utilities, Light Division",PSEI,"Puget Sound Energy, Inc.",,Yes,,
TVA,Tennessee Valley Authority,AECI,"Associated Electric Cooperative, Inc.",,Yes,,
TVA,Tennessee Valley Authority,CPLW,Duke Energy Progress West,,Yes,,
TVA,Tennessee Valley Authority,DUK,Duke Energy Carolinas,,Yes,,
TVA,Tennessee Valley Authority,EEI,"Electric Energy, Inc.",,No,,2/29/2020
TVA,Tennessee Valley Authority,LGEE,Louisville Gas and Electric Company and Kentucky Utilities Company,,Yes,,
TVA,Tennessee Valley Authority,MISO,"Midcontinent Independent System Operator, Inc.",,Yes,,
TVA,Tennessee Valley Authority,PJM,"PJM Interconnection, LLC",,Yes,,
TVA,Tennessee Valley Authority,SOCO,"Southern Company Services, Inc. - Trans",,Yes,,
WACM,Western Area Power Administration - Rocky Mountain Region,AZPS,Arizona Public Service Company,,Yes,,
WACM,Western Area Power Administration - Rocky Mountain Region,PACE,PacifiCorp East,,Yes,,
WACM,Western Area Power Administration - Rocky Mountain Region,PNM,Public Service Company of New Mexico,,Yes,,
WACM,Western Area Power Administration - Rocky Mountain Region,PSCO,Public Service Company of Colorado,,Yes,,
WACM,Western Area Power Administration - Rocky Mountain Region,SWPP,Southwest Power Pool,,Yes,,
WACM,Western Area Power Administration - Rocky Mountain Region,WALC,Western Area Power Administration - Desert Southwest Region,,Yes,,
WACM,Western Area Power Administration - Rocky Mountain Region,WAUE,Western Area Power Administration - Upper Great Plains East,,No,,10/1/2015
WACM,Western Area Power Administration - Rocky Mountain Region,WAUW,Western Area Power Administration - Upper Great Plains West,,Yes,,
WALC,Western Area Power Administration - Desert Southwest Region,AZPS,Arizona Public Service Company,,Yes,,
WALC,Western Area Power Administration - Desert Southwest Region,CISO,California Independent System Operator,,Yes,,
WALC,Western Area Power Administration - Desert Southwest Region,GRIF,"Griffith Energy, LLC",,Yes,,
WALC,Western Area Power Administration - Desert Southwest Region,IID,Imperial Irrigation District,,Yes,,
WALC,Western Area Power Administration - Desert Southwest Region,LDWP,Los Angeles Department of Water and Power,,Yes,,
WALC,Western Area Power Administration - Desert Southwest Region,NEVP,Nevada Power Company,,Yes,,
WALC,Western Area Power Administration - Desert Southwest Region,SRP,Salt River Project Agricultural Improvement and Power District,,Yes,,
WALC,Western Area Power Administration - Desert Southwest Region,TEPC,Tucson Electric Power,,Yes,,
WALC,Western Area Power Administration - Desert Southwest Region,WACM,Western Area Power Administration - Rocky Mountain Region,,Yes,,
WAUE,Western Area Power Administration - Upper Great Plains East,AECI,"Associated Electric Cooperative, Inc.",,No,,10/1/2015
WAUE,Western Area Power Administration - Upper Great Plains East,MISO,"Midcontinent Independent System Operator, Inc.",,No,,10/1/2015
WAUE,Western Area Power Administration - Upper Great Plains East,SWPP,Southwest Power Pool,,No,,10/1/2015
WAUE,Western Area Power Administration - Upper Great Plains East,WACM,Western Area Power Administration - Rocky Mountain Region,,No,,10/1/2015
WAUE,Western Area Power Administration - Upper Great Plains East,WAUW,Western Area Power Administration - Upper Great Plains West,,No,,10/1/2015
WAUW,Western Area Power Administration - Upper Great Plains West,NWMT,NorthWestern Corporation,,Yes,,
WAUW,Western Area Power Administration - Upper Great Plains West,SWPP,Southwest Power Pool,,Yes,,
WAUW,Western Area Power Administration - Upper Great Plains West,WACM,Western Area Power Administration - Rocky Mountain Region,,Yes,,
WAUW,Western Area Power Administration - Upper Great Plains West,WAUE,Western Area Power Administration - Upper Great Plains East,,No,,10/1/2015
WWA,"NaturEner Wind Watch, LLC",NWMT,NorthWestern Corporation,,Yes,,
YAD,"Alcoa Power Generating, Inc. - Yadkin Division",CPLE,Duke Energy Progress East,,Yes,,
YAD,"Alcoa Power Generating, Inc. - Yadkin Division",DUK,Duke Energy Carolinas,,Yes,,